1	0	Καὶ	CCONJ	C-		καί	cc	3
1	1	τὰ	DET	S-	Case=Nom|Definite=Def|Gender=Neut|Number=Plur|PronType=Dem	ὁ	det	2
1	2	ἱερὰ	ADJ	A-	Case=Nom|Degree=Pos|Gender=Neut|Number=Plur	ἱερός	nsubj	3
1	3	καλὰ	ADJ	A-	Case=Nom|Degree=Pos|Gender=Neut|Number=Plur	καλός	ROOT	3
1	4	καὶ	CCONJ	C-		καί	cc	3
1	5	τὰ	DET	S-	Case=Acc|Definite=Def|Gender=Neut|Number=Plur|PronType=Dem	ὁ	det	6
1	6	ὑμέτερα	ADJ	Ps	Case=Nom|Gender=Neut|Number=Plur|Person=1|Poss=Yes	ὑμέτερος	nsubj	7
1	7	παρεϲκεύαϲται	VERB	V-	Mood=Ind|Number=Sing|Person=1|Tense=Pres|VerbForm=Fin|Voice=Act	παρεϲκεύαϲται	conj	3
1	8	·	PUNCT	Z		·	punct	3
1	9	ἀλλ’	CCONJ	C-		ἀλλ’	cc	11
1	10	ἄνδραϲ	NOUN	Nb	Case=Acc|Gender=Masc|Number=Sing	ἄνδραϲ	nsubj	11
1	11	χρὴ	VERB	V-	Mood=Ind|Number=Sing|Person=3|Tense=Pres|VerbForm=Fin|Voice=Act	χρή	ROOT	11
1	12	εἶναι	AUX	V-	Tense=Pres|VerbForm=Inf|Voice=Act	εἰμί	cop	11
1	13	ἀγαθούϲ	ADJ	Ne	Case=Gen|Degree=Pos|Gender=Masc|Number=Sing	ἀγαθούϲ	dep	11
1	14	·	PUNCT	Z		·	punct	11
1	15	εἰκὸϲ	ADJ	A-	Case=Nom|Degree=Pos|Gender=Neut|Number=Plur	εἰκὸϲ	vocative	24
1	16	δὲ	ADV	Df		δέ	discourse	15
1	17	ὑμᾶϲ	PRON	Pp	Case=Gen|Gender=Masc|Number=Plur|Person=2|PronType=Prs	ὑμᾶϲ	nsubj	15
1	18	περὶ	ADP	R-		περί	case	19
1	19	τῆϲ	DET	S-	Case=Dat|Definite=Def|Gender=Fem|Number=Sing|PronType=Dem	τῆϲ	dep	15
1	20	ὑμετέραϲ	PROPN	Ne	Case=Nom|Gender=Neut|Number=Plur	ὑμετέραϲ	vocative	24
1	21	αὐτῶν	PRON	Pd	Case=Gen|Gender=Masc|Number=Plur|Person=3|PronType=Prs	αὐτός	det	22
1	22	πατρίδοϲ	NOUN	Nb	Case=Voc|Gender=Masc|Number=Plur	πατρίδοϲ	appos	20
1	23	μέλλονταϲ	VERB	V-	Case=Acc|Gender=Neut|Number=Plur|Tense=Pres|VerbForm=Part|Voice=Act	μέλλονταϲ	obj	24
1	24	ἀγωνιεῖϲθαι	VERB	V-	Mood=Ind|Number=Sing|Person=3|Tense=Pres|VerbForm=Fin|Voice=Act	ἀγωνιεῖϲθαι	ROOT	24
1	25	καὶ	CCONJ	C-		καί	cc	24
1	26	ὄνταϲ	AUX	V-	Case=Nom|Gender=Neut|Number=Plur|Tense=Pres|VerbForm=Part|Voice=Act	ὄνταϲ	dep	24
1	27	πατέρων	NOUN	Nb	Case=Gen|Gender=Masc|Number=Plur	πατήρ	dep	26
1	28	ἀγαθῶν	ADJ	A-	Case=Gen|Degree=Pos|Gender=Masc|Number=Plur	ἀγαθός	amod	27
1	29	τοιούτουϲ	DET	Pd	Case=Gen|Gender=Masc|Number=Sing	τοιούτουϲ	appos	27
1	30	ἔϲεϲθαι	PROPN	Ne	Case=Voc|Gender=Masc|Number=Sing	ἔϲεϲθαι	dep	24
1	31	.	PUNCT	Z		.	punct	24
1	32	ἢ	CCONJ	C-		ἤ	cc	33
1	33	ἄλλο	ADJ	Px	Case=Acc|Gender=Neut|Number=Sing	ἄλλος	obj	36
1	34	τι	DET	Px	Case=Acc|Gender=Neut|Number=Sing	τίς	det	33
1	35	παραϲκευάϲατε	PROPN	Ne	Case=Voc|Gender=Masc|Number=Sing	παραϲκευάϲω	appos	33
1	36	κάλλιον	ADJ	A-	Case=Acc|Degree=Cmp|Gender=Neut|Number=Sing	καλός	ROOT	36
1	37	ϲημεῖον	PROPN	Ne	Case=Acc|Gender=Neut|Number=Sing	ϲημεῖον	iobj	36
1	38	.	PUNCT	Z		.	punct	36
1	39	ὥϲτε	PROPN	I-	Case=Voc|Gender=Masc|Number=Sing	ὥϲτε	vocative	41
1	40	οὐ	ADV	Df	Polarity=Neg	οὐ	advmod	41
1	41	δεῖ	VERB	V-	Mood=Ind|Number=Sing|Person=3|Tense=Pres|VerbForm=Fin|Voice=Act	δεῖ	ROOT	41
1	42	ὑπεριδεῖν	VERB	V-	Aspect=Perf|Tense=Past|VerbForm=Inf|Voice=Act	ὑπεροράω	ccomp	41
1	43	οὔτε	CCONJ	C-		οὔτε	cc	44
1	44	λόγου	NOUN	Nb	Case=Gen|Gender=Masc|Number=Sing	λόγος	iobj	52
1	45	οὔτε	CCONJ	C-		οὔτε	cc	44
1	46	ἔργου	NOUN	Nb	Case=Gen|Gender=Neut|Number=Sing	ἔργον	conj	44
1	47	οὐδενὸϲ	DET	Px	Case=Acc|Gender=Neut|Number=Sing	οὐδενὸϲ	det	44
1	48	οὐδὲ	CCONJ	C-		οὐδέ	cc	44
1	49	†	ADV	Df		†	conj	44
1	50	μὴ	ADV	Df	Polarity=Neg	μή	advmod	51
1	51	τοῖϲ	PRON	Pp	Case=Dat|Gender=Masc|Number=Sing|Person=2|PronType=Prs	τοῖϲ	orphan	52
1	52	ἑτοίμοιϲ	ADJ	A-	Case=Nom|Degree=Pos|Gender=Masc|Number=Plur	ἑτοίμοιϲ	ccomp	41
1	53	παρακελεύεϲθαι	VERB	V-	Mood=Imp|Number=Sing|Person=2|Tense=Pres|VerbForm=Fin|Voice=Act	παρακελεύεϲθαι	ccomp	41
1	54	.	PUNCT	Z		.	punct	41
2	0	ἀλλὰ	CCONJ	C-		ἀλλά	cc	4
2	1	τοῦτο	ADJ	Pd	Case=Acc|Gender=Neut|Number=Sing	οὗτος	nsubj	4
2	2	δή	ADV	Df		δή	discourse	4
2	3	μοι	PRON	Pp	Case=Dat|Gender=Masc|Number=Sing|Person=1|PronType=Prs	ἐγώ	iobj	4
2	4	δοκεῖ	VERB	V-	Mood=Ind|Number=Sing|Person=3|Tense=Pres|VerbForm=Fin|Voice=Act	δοκέω	ROOT	4
2	5	καὶ	ADV	Df		καί	dep	4
2	6	μάλιϲτα	PROPN	Ne	Case=Acc|Gender=Neut|Number=Plur	μάλιϲτα	nsubj	7
2	7	χρῆναι	VERB	V-	Tense=Pres|VerbForm=Inf|Voice=Mid	χρή	ccomp	4
2	8	ποιεῖν	VERB	V-	Tense=Pres|VerbForm=Inf|Voice=Act	ποιέω	ccomp	7
2	9	.	PUNCT	Z		.	punct	4
2	10	τοῖϲ	PRON	Pp	Case=Dat|Gender=Masc|Number=Sing|Person=2|PronType=Prs	τοῖϲ	dep	14
2	11	μὲν	ADV	Df		μέν	discourse	14
2	12	γὰρ	ADV	Df		γάρ	discourse	14
2	13	μὴ	ADV	Df	Polarity=Neg	μή	advmod	14
2	14	θέλουϲιν	VERB	V-	Mood=Imp|Number=Sing|Person=2|Tense=Pres|VerbForm=Fin|Voice=Pass	θέλουϲιν	nsubj	17
2	15	ἀγαθοῖϲ	ADJ	A-	Case=Nom|Degree=Pos|Gender=Masc|Number=Plur	ἀγαθοῖϲ	xcomp	14
2	16	εἶναι	AUX	V-	Tense=Pres|VerbForm=Inf|Voice=Act	εἰμί	cop	17
2	17	μάταιον	ADJ	A-	Case=Acc|Degree=Pos|Gender=Masc|Number=Sing	μάταιος	ROOT	17
2	18	καὶ	CCONJ	C-		καί	cc	19
2	19	λέγειν	VERB	V-	Tense=Pres|VerbForm=Inf|Voice=Act	λέγω	xcomp	17
2	20	καὶ	CCONJ	C-		καί	cc	19
2	21	ποιεῖν	VERB	V-	Tense=Pres|VerbForm=Inf|Voice=Act	ποιέω	conj	19
2	22	,	PUNCT	Z		,	cop	17
2	23	ϲπεύδοντα	VERB	V-	Case=Acc|Gender=Neut|Number=Plur|Tense=Pres|VerbForm=Part|Voice=Act	ϲπεύδω	ROOT	23
2	24	ὅπωϲ	PROPN	Ne	Case=Voc|Gender=Masc|Number=Sing	ὅπωϲ	appos	23
2	25	ἔϲονται	VERB	V-	Mood=Ind|Number=Plur|Person=3|Tense=Pres|VerbForm=Fin|Voice=Mid	ἔϲονται	ROOT	25
2	26	ἀγαθοί	ADJ	A-	Case=Nom|Degree=Pos|Gender=Masc|Number=Plur	ἀγαθός	xcomp	25
2	27	,	PUNCT	Z		,	punct	25
2	28	τοῖϲ	PRON	Pp	Case=Dat|Gender=Masc|Number=Sing|Person=2|PronType=Prs	τοῖϲ	dep	30
2	29	δὲ	ADV	Df		δέ	discourse	30
2	30	ἐθέλουϲί	VERB	V-	Mood=Imp|Number=Sing|Person=2|Tense=Pres|VerbForm=Fin|Voice=Pass	ἐθέλουϲί	ROOT	30
2	31	γε	ADV	Df		γε	discourse	30
2	32	καὶ	CCONJ	C-		καί	cc	30
2	33	βουλομένοιϲ	VERB	V-	Case=Nom|Gender=Masc|Number=Plur|Tense=Pres|VerbForm=Part|Voice=Mid	βουλομένοιϲ	conj	30
2	34	τοὐναντίον	ADJ	A-	Case=Acc|Degree=Pos|Gender=Neut|Number=Sing	ἐναντίος	dep	30
2	35	.	PUNCT	Z		.	punct	30
2	36	παντὸϲ	INTJ	Px		παντὸϲ	ROOT	36
2	37	γὰρ	ADV	Df		γὰρ	discourse	38
2	38	πράγματοϲ	NOUN	Nb	Case=Voc|Gender=Neut|Number=Plur	πράγματοϲ	vocative	36
2	39	ἐπίδοϲίϲ	PROPN	Ne	Case=Voc|Gender=Masc|Number=Sing	ἐπίδοϲίϲ	vocative	38
2	40	ἐϲτιν	X	Ne		ἐϲτιν	dep	38
2	41	,	PUNCT	Z		,	ROOT	41
2	42	ἔϲτ	PROPN	Ne	Case=Voc|Gender=Masc|Number=Sing	ἔϲτ	vocative	46
2	43	’	ADV	A-		’	vocative	46
2	44	ἂν	ADV	Df		ἄν	mark	46
2	45	τέλοϲ	PROPN	Ne	Case=Nom|Gender=Neut|Number=Plur	τέλοϲ	nsubj	46
2	46	ἔχῃ	VERB	V-	Mood=Sub|Number=Sing|Person=3|Tense=Pres|VerbForm=Fin|Voice=Act	ἔχω	ROOT	46
2	47	·	PUNCT	Z		·	punct	46
2	48	καὶ	CCONJ	C-		καί	cc	52
2	49	ἀρετὴν	NOUN	Nb	Case=Acc|Gender=Fem|Number=Sing	ἀρετή	obj	50
2	50	πλεῖϲτον	PROPN	Ne	Case=Acc|Gender=Masc|Number=Sing	Πλεῖϲτος	obj	52
2	51	ἂν	ADV	Df		ἄν	advmod	52
2	52	εὕροιϲ	VERB	V-	Aspect=Perf|Mood=Opt|Number=Sing|Person=3|Tense=Past|VerbForm=Fin|Voice=Act	εὕροιϲ	ROOT	52
2	53	αὐτοῦ	PRON	Pd	Case=Gen|Gender=Masc|Number=Sing|Person=3|PronType=Prs	αὐτός	det	54
2	54	ἐπιδιδοῦϲαν	PROPN	Ne	Case=Acc|Gender=Masc|Number=Sing	ἐπιδιδοῦϲαν	dep	52
2	55	,	PUNCT	Z		,	dep	52
2	56	ὅπου	ADV	Dq	PronType=Rel	ὅπου	advmod	60
2	57	μεγίϲτην	PROPN	Ne	Case=Acc|Gender=Masc|Number=Sing	μεγίϲτης	nsubj	56
2	58	καὶ	CCONJ	C-		καί	cc	60
2	59	τιμὴν	NOUN	Nb	Case=Acc|Gender=Fem|Number=Sing	τιμή	obj	60
2	60	ἔχει	VERB	V-	Mood=Ind|Number=Sing|Person=3|Tense=Pres|VerbForm=Fin|Voice=Act	ἔχω	ROOT	60
2	61	καὶ	CCONJ	C-		καί	cc	57
2	62	ἄθλοιϲ	NOUN	Nb	Case=Nom|Gender=Masc|Number=Plur	ἄθλοιϲ	conj	57
2	63	καὶ	CCONJ	C-		καί	cc	62
2	64	ἐπαίνοιϲ	NOUN	Nb	Case=Nom|Gender=Masc|Number=Plur	ἐπαίνοιϲ	orphan	62
2	65	.	PUNCT	Z		.	punct	60
2	66	οὔκουν	ADV	Df		οὔκουν	advmod	67
2	67	,	PUNCT	Z		,	ROOT	67
2	68	ὅπερ	PRON	Pr	Case=Acc|Gender=Neut|Number=Sing|PronType=Rel	ὅς	obj	69
2	69	εἶπον	VERB	V-	Aspect=Perf|Mood=Ind|Number=Sing|Person=1|Tense=Past|VerbForm=Fin|Voice=Act	λέγω	acl	67
2	70	ὀλίγῳ	ADJ	A-	Case=Dat|Degree=Pos|Gender=Neut|Number=Sing	ὀλίγος	advmod	71
2	71	πρόϲθεν	ADV	V-		πρόϲθεν	obl	69
2	72	,	PUNCT	Z		,	punct	67
2	73	οὐδεὶϲ	ADV	Df	Polarity=Neg	οὐδεὶϲ	orphan	77
2	74	ἂν	ADV	Df		ἄν	advmod	75
2	75	κάλλιον	ADJ	A-	Case=Acc|Degree=Cmp|Gender=Neut|Number=Sing	καλός	orphan	77
2	76	παραϲκευάϲαι	PROPN	Ne	Case=Acc|Gender=Neut|Number=Plur	παραϲκευάϲαι	obl	75
2	77	ϲημεῖον	NOUN	Nb	Case=Nom|Gender=Neut|Number=Sing	ϲημεῖον	ROOT	77
2	78	.	PUNCT	Z		.	punct	77
3	0	ὥϲτ	INTJ	Ne		ὥϲτ	vocative	22
3	1	’	ADV	A-		’	discourse	8
3	2	εἰ	SCONJ	G-		εἰ	mark	6
3	3	καὶ	ADV	Df		καὶ	advmod	6
3	4	νῦν	ADV	Df		νῦν	advmod	6
3	5	ὑμῖν	PRON	Pp	Case=Dat|Gender=Masc|Number=Plur|Person=2|PronType=Prs	ὑμεῖς	iobj	6
3	6	παρεϲκεύαϲται	VERB	V-	Mood=Ind|Number=Sing|Person=1|Tense=Pres|VerbForm=Fin|Voice=Act	παρεϲκεύαϲται	advcl	8
3	7	—	ADV	Df		—	discourse	6
3	8	παρεϲκευάϲθω	VERB	V-	Mood=Ind|Number=Sing|Person=1|Tense=Pres|VerbForm=Fin|Voice=Act	παρεϲκευάϲθω	parataxis	22
3	9	δὲ	ADV	Df		δέ	discourse	8
3	10	καὶ	CCONJ	C-		καί	cc	8
3	11	ἑνὶ	VERB	Ma	Mood=Ind|Number=Sing|Person=3|Tense=Pres|VerbForm=Fin|Voice=Act	ἑνὶ	conj	8
3	12	ἑκάϲτῳ	PROPN	Ne	Case=Dat|Gender=Masc|Number=Sing	ἑκάϲτῳ	dep	8
3	13	καὶ	CCONJ	C-		καὶ	cc	8
3	14	πᾶϲιν	PROPN	Ne	Case=Nom|Gender=Neut|Number=Plur	πᾶϲιν	dep	8
3	15	—	SCONJ	G-		—	dep	8
3	16	ὅπωϲ	PROPN	Ne	Case=Voc|Gender=Masc|Number=Sing	ὅπωϲ	vocative	8
3	17	ἔϲεϲθε	PROPN	Ne	Case=Voc|Gender=Masc|Number=Sing	ἔϲεϲθε	vocative	8
3	18	ἀγαθοί	ADJ	A-	Case=Nom|Degree=Pos|Gender=Masc|Number=Plur	ἀγαθός	dep	8
3	19	,	PUNCT	Z		,	dep	8
3	20	καὶ	CCONJ	C-		καὶ	cc	22
3	21	ἀξίωμα	NOUN	Nb	Case=Acc|Gender=Neut|Number=Sing	ἀξίωμα	obj	22
3	22	ἔχετε	VERB	V-	Mood=Ind|Number=Plur|Person=2|Tense=Pres|VerbForm=Fin|Voice=Act	ἔχω	ROOT	22
3	23	παρ’	ADP	R-		παρ’	case	24
3	24	ὑμῖν	PRON	Pp	Case=Dat|Gender=Masc|Number=Plur|Person=2|PronType=Prs	ὑμεῖς	obl	22
3	25	αὐτοῖϲ	DET	Pd	Case=Nom|Gender=Masc|Number=Plur	αὐτοῖϲ	vocative	22
3	26	μέγα	ADJ	A-	Case=Acc|Degree=Pos|Gender=Neut|Number=Sing	μέγας	amod	21
3	27	,	PUNCT	Z		,	dep	22
3	28	οὐχ	ADV	Df	Polarity=Neg	οὐ	advmod	29
3	29	ὑμᾶϲ	PROPN	Ne	Case=Nom|Gender=Neut|Number=Plur	ὑμᾶϲ	nsubj	30
3	30	βλάψει	VERB	V-	Mood=Ind|Number=Sing|Person=3|Tense=Fut|VerbForm=Fin|Voice=Act	βλάψος	parataxis	22
3	31	ἀκοῦϲαι	PROPN	V-	Case=Voc|Gender=Masc|Number=Sing	ἀκοῦϲαι	advcl	30
3	32	τὴν	DET	S-	Case=Acc|Definite=Def|Gender=Fem|Number=Sing|PronType=Dem	ὁ	det	34
3	33	ὑμετέραν	ADJ	Ps	Case=Acc|Gender=Fem|Number=Sing|Person=2|Poss=Yes	ὑμέτερος	nmod	34
3	34	ἀρετὴν	NOUN	Nb	Case=Acc|Gender=Fem|Number=Sing	ἀρετή	obj	30
3	35	καὶ	CCONJ	C-		καί	cc	34
3	36	τὸ	DET	S-	Case=Acc|Definite=Def|Gender=Neut|Number=Sing|PronType=Dem	ὁ	det	37
3	37	ἀξίωμα	NOUN	Nb	Case=Acc|Gender=Neut|Number=Sing	ἀξίωμα	conj	34
3	38	τῶν	DET	S-	Case=Gen|Definite=Def|Gender=Masc|Number=Plur|PronType=Dem	ὁ	det	39
3	39	προγόνων	NOUN	Nb	Case=Gen|Gender=Masc|Number=Plur	πρόγονος	nmod	37
3	40	ὁμοῦ	ADV	Df		ὁμοῦ	advmod	30
3	41	καὶ	CCONJ	C-		καί	cc	29
3	42	τὸ	DET	S-	Case=Acc|Definite=Def|Gender=Neut|Number=Sing|PronType=Dem	ὁ	det	43
3	43	ἀξίωμα	NOUN	Nb	Case=Nom|Gender=Neut|Number=Sing	ἀξίωμα	conj	29
3	44	τὸ	DET	S-	Case=Acc|Definite=Def|Gender=Neut|Number=Sing|PronType=Dem	ὁ	det	46
3	45	τῶν	DET	S-	Case=Gen|Definite=Def|Gender=Masc|Number=Plur|PronType=Dem	ὁ	det	46
3	46	πολεμίων	ADJ	A-	Case=Gen|Degree=Pos|Gender=Masc|Number=Plur	πολέμιος	nmod	43
3	47	,	PUNCT	Z		,	dep	22
3	48	ὃ	PRON	Pr	Case=Nom|Gender=Neut|Number=Sing|PronType=Rel	ὁ	nsubj	49
3	49	μικρότερον	ADJ	A-	Case=Nom|Degree=Cmp|Gender=Neut|Number=Sing	μικρός	dislocated	52
3	50	δι’	ADP	R-		δι’	case	51
3	51	ὑμᾶϲ	PRON	Ne	Case=Gen|Gender=Masc|Number=Plur|Person=2|PronType=Prs	ὑμᾶϲ	obl	52
3	52	ἔχουϲιν	VERB	V-	Tense=Pres|VerbForm=Inf|Voice=Act	ἔχουϲιν	appos	21
3	53	,	PUNCT	Z		,	dep	22
3	54	ἀλλ’	CCONJ	C-		ἀλλ’	cc	22
3	55	ὠφελήϲει	VERB	V-	Mood=Ind|Number=Sing|Person=3|Tense=Pres|VerbForm=Fin|Voice=Act	ὠφελήϲει	conj	22
3	56	.	PUNCT	Z		.	punct	22
3	57	Ὑμῶν	PRON	Pp	Case=Gen|Gender=Masc|Number=Plur|Person=2|PronType=Prs	Ὑμῶν	nmod	61
3	58	γὰρ	ADV	Df		γάρ	discourse	69
3	59	οἵ	DET	S-	Case=Nom|Definite=Def|Gender=Masc|Number=Plur|PronType=Dem	ὅς	det	61
3	60	τε	CCONJ	C-		τε	cc	61
3	61	παλαιοὶ	ADJ	A-	Case=Nom|Degree=Pos|Gender=Masc|Number=Plur	παλαιός	nsubj	69
3	62	πατέρεϲ	NOUN	Nb	Case=Voc|Gender=Masc|Number=Sing	πατέρεϲ	nmod	61
3	63	ἐν	ADP	R-		ἐν	case	64
3	64	τοῖϲ	PRON	Pp	Case=Dat|Gender=Masc|Number=Sing|Person=2|PronType=Prs	τοῖϲ	obl	69
3	65	Ἕλληϲι	PROPN	Ne	Case=Voc|Gender=Masc|Number=Sing	Ἕλληϲι	nmod	64
3	66	μέγα	ADJ	A-	Case=Acc|Degree=Pos|Gender=Neut|Number=Sing	μέγας	amod	67
3	67	ἀξίωμα	NOUN	Nb	Case=Acc|Gender=Neut|Number=Sing	ἀξίωμα	obj	69
3	68	ἀρετῆϲ	NOUN	Nb	Case=Nom|Gender=Fem|Number=Sing	ἀρετῆϲ	dep	67
3	69	εἶχον	VERB	V-	Aspect=Imp|Mood=Ind|Number=Plur|Person=3|Tense=Past|VerbForm=Fin|Voice=Act	ἔχω	ROOT	69
3	70	καὶ	CCONJ	C-		καί	cc	67
3	71	λόγον	NOUN	Nb	Case=Acc|Gender=Masc|Number=Sing	λόγος	conj	67
3	72	ἀγαθόν	ADJ	A-	Case=Acc|Degree=Pos|Gender=Masc|Number=Sing	ἀγαθός	amod	71
3	73	,	PUNCT	Z		,	dep	69
3	74	οἵ	DET	S-	Case=Nom|Definite=Def|Gender=Masc|Number=Plur|PronType=Dem	ὅς	dep	69
3	75	τε	CCONJ	C-		τε	cc	69
3	76	νέοι	ADJ	A-	Case=Nom|Degree=Pos|Gender=Masc|Number=Plur	νέος	conj	61
4	0	δὲ	ADV	Df		δέ	discourse	3
4	1	τούτου	ADJ	Pd	Case=Gen|Gender=Neut|Number=Sing	οὗτος	iobj	3
4	2	ὑμῖν	PRON	Pp	Case=Dat|Gender=Masc|Number=Plur|Person=2|PronType=Prs	ὑμεῖς	iobj	3
4	3	ἐρῶ	VERB	V-	Mood=Ind|Number=Sing|Person=1|Tense=Fut|VerbForm=Fin|Voice=Act	λέγω	ROOT	3
4	4	.	PUNCT	Z		.	punct	3
4	5	οἱ	DET	S-	Case=Nom|Definite=Def|Gender=Masc|Number=Plur|PronType=Dem	ὁ	det	21
4	6	μὲν	ADV	Df		μέν	discourse	22
4	7	ἄλλοι	ADJ	Px	Case=Nom|Gender=Masc|Number=Plur	ἄλλος	nsubj	14
4	8	πάντεϲ	PROPN	Ne	Case=Voc|Gender=Masc|Number=Sing	πάντεϲ	appos	7
4	9	Ἕλληνεϲ	NOUN	Nb	Case=Voc|Gender=Masc|Number=Sing	Ἕλληνεϲ	appos	8
4	10	ἐκ	ADP	R-		ἐκ	case	11
4	11	τῆϲ	DET	S-	Case=Dat|Definite=Def|Gender=Fem|Number=Sing|PronType=Dem	τῆϲ	orphan	12
4	12	ϲφετέραϲ	PROPN	Ne	Case=Voc|Gender=Masc|Number=Sing	ϲφετέραϲ	appos	7
4	13	αὐτῶν	PRON	Pd	Case=Gen|Gender=Masc|Number=Plur|Person=3|PronType=Prs	αὐτός	det	12
4	14	μεταϲτάντεϲ	PROPN	Ne	Case=Voc|Gender=Masc|Number=Sing	μεταϲτάντεϲ	dislocated	22
4	15	οἰκοῦϲιν	PROPN	Ne	Case=Gen|Gender=Masc|Number=Sing	οἰκοῦϲιν	appos	14
4	16	ἕκαϲτοϲ	VERB	V-	Case=Nom|Gender=Neut|Number=Plur|Tense=Pres|VerbForm=Part|Voice=Pass	ἕκαϲτοϲ	appos	14
4	17	αὐτῶν	PRON	Pp	Case=Gen|Gender=Masc|Number=Plur|Person=3|PronType=Prs	αὐτός	det	16
4	18	ἐξελάϲαντεϲ	X	Ne		ἐξελάϲαντεϲ	appos	14
4	19	ἑτέρουϲ	ADJ	A-	Case=Gen|Degree=Pos|Gender=Masc|Number=Sing	ἑτέρουϲ	nmod	18
4	20	καὶ	ADV	Df		καί	advmod	21
4	21	αὐτοὶ	ADJ	Pd	Case=Nom|Gender=Masc|Number=Plur	αὐτός	nsubj	22
4	22	ἐξελαθέντεϲ	VERB	V-	Aspect=Perf|Mood=Ind|Number=Plur|Person=2|Tense=Past|VerbForm=Fin|Voice=Act	ἐξελαθέντεϲ	ROOT	22
4	23	ὑφ’	ADP	R-		ὑφ’	ROOT	23
4	24	ἑτέρων	ADJ	A-	Case=Gen|Degree=Pos|Gender=Masc|Number=Plur	ἕτερος	amod	23
4	25	.	PUNCT	Z		.	punct	23
4	26	καὶ	CCONJ	C-		καί	cc	30
4	27	κατὰ	ADP	R-		κατά	case	28
4	28	τοῦτο	ADJ	Pd	Case=Acc|Gender=Neut|Number=Sing	οὗτος	obl	30
4	29	δύο	NUM	Ma		δύο	nummod	30
4	30	φέρεϲθε	PROPN	V-	Case=Voc|Gender=Masc|Number=Sing	φέρεϲθες	vocative	31
4	31	καυχήματα	NOUN	Nb	Case=Nom|Gender=Neut|Number=Plur	καυχήμα	ROOT	31
4	32	ἀρετῆϲ	NOUN	Nb	Case=Nom|Gender=Fem|Number=Sing	ἀρετῆϲ	appos	31
4	33	·	PUNCT	Z		·	punct	31
4	34	οὔτε	CCONJ	C-		οὔτε	cc	36
4	35	γὰρ	ADV	Df		γάρ	discourse	36
4	36	ἐξηλάθητε	VERB	V-	Aspect=Perf|Mood=Ind|Number=Plur|Person=2|Tense=Past|VerbForm=Fin|Voice=Pass	ἐξηλάθω	ROOT	36
4	37	ἀπὸ	ADP	R-		ἀπό	case	38
4	38	τῆϲ	DET	S-	Case=Dat|Definite=Def|Gender=Fem|Number=Sing|PronType=Dem	τῆϲ	obl	36
4	39	ϲφετέραϲ	PROPN	Ne	Case=Nom|Gender=Neut|Number=Plur	ϲφετέραϲ	cc	36
4	40	αὐτῶν	PRON	Pp	Case=Gen|Gender=Masc|Number=Plur|Person=3|PronType=Prs	αὐτός	det	39
4	41	ὑπὸ	ADP	R-		ὑπό	case	43
4	42	οὐδαμῶν	ADJ	A-	Case=Gen|Degree=Pos|Gender=Masc|Number=Plur	οὐδαμός	amod	43
4	43	ἀνθρώπων	NOUN	Nb	Case=Gen|Gender=Masc|Number=Plur	ἄνθρωπος	obl:agent	36
4	44	,	PUNCT	Z		,	dep	36
4	45	οὔτ	CCONJ	C-		οὔτ	cc	36
4	46	’	CCONJ	A-		’	vocative	50
4	47	ἐξελάϲαντεϲ	PROPN	Ne	Case=Voc|Gender=Masc|Number=Sing	ἐξελάϲαντεϲ	vocative	50
4	48	ἑτέρουϲ	ADJ	A-	Case=Gen|Degree=Pos|Gender=Masc|Number=Sing	ἑτέρουϲ	vocative	50
4	49	αὐτοὶ	ADJ	Pd	Case=Nom|Gender=Masc|Number=Plur	αὐτός	nsubj	50
4	50	οἰκεῖτε	VERB	V-	Mood=Ind|Number=Plur|Person=2|Tense=Pres|VerbForm=Fin|Voice=Act	οἰκέω	conj	36
4	51	·	PUNCT	Z		·	punct	36
4	52	καὶ	CCONJ	C-		καί	cc	62
4	53	κατὰ	ADP	R-		κατά	case	57
4	54	μὲν	ADV	Df		μέν	discourse	57
4	55	τὸ	DET	S-	Case=Acc|Definite=Def|Gender=Neut|Number=Sing|PronType=Dem	ὁ	det	57
4	56	μὴ	ADV	Df	Polarity=Neg	μή	advmod	57
4	57	ἐξελαθῆναι	VERB	V-	Aspect=Perf|Tense=Past|VerbForm=Inf|Voice=Pass	ἐξελαύνω	obl	62
4	58	ἀνδρείαϲ	NOUN	Ne	Case=Dat|Gender=Fem|Number=Sing	ἀνδρείαϲ	obl	57
4	59	ϲτέφανον	ADJ	A-	Case=Acc|Degree=Pos|Gender=Neut|Number=Sing	ϲτέφανος	xcomp	62
4	60	τὴν	DET	S-	Case=Acc|Definite=Def|Gender=Fem|Number=Sing|PronType=Dem	ὁ	det	61
4	61	πατρίδα	NOUN	Nb	Case=Acc|Gender=Fem|Number=Sing	πατρίς	obj	62
4	62	ἔχετε	VERB	V-	Mood=Ind|Number=Plur|Person=2|Tense=Pres|VerbForm=Fin|Voice=Act	ἔχω	ROOT	62
4	63	,	PUNCT	Z		,	punct	62
4	64	κατὰ	ADP	R-		κατά	dep	68
4	65	δὲ	ADV	Df		δέ	discourse	68
4	66	τὸ	DET	S-	Case=Acc|Definite=Def|Gender=Neut|Number=Sing|PronType=Dem	ὁ	det	68
4	67	μὴ	ADV	Df	Polarity=Neg	μή	advmod	68
4	68	ἐξελάϲαι	X	Nb		ἐξελάϲαι	orphan	69
4	69	δικαιοϲύνηϲ	PROPN	A-	Case=Voc|Gender=Masc|Number=Sing	δικαιοϲύνηϲ	ROOT	69
4	70	.	PUNCT	Z		.	ROOT	70
5	0	ταῦτα	ADJ	Pd	Case=Nom|Gender=Neut|Number=Plur	οὗτος	nsubj	5
5	1	μὲν	ADV	Df		μέν	discourse	5
5	2	γὰρ	ADV	Df		γάρ	discourse	5
5	3	τῶν	DET	S-	Case=Gen|Definite=Def|Gender=Masc|Number=Plur|PronType=Dem	ὁ	det	4
5	4	παλαιῶν	ADJ	A-	Case=Gen|Degree=Pos|Gender=Masc|Number=Plur	παλαιός	nmod	5
5	5	μαρτύρια	NOUN	Nb	Case=Nom|Gender=Fem|Number=Sing	μαρτύριον	ROOT	5
5	6	ἀρετῆϲ	NOUN	Nb	Case=Nom|Gender=Fem|Number=Sing	ἀρετῆϲ	appos	0
5	7	πατέρων	NOUN	Nb	Case=Gen|Gender=Masc|Number=Plur	πατήρ	nmod	5
5	8	·	PUNCT	Z		·	punct	5
5	9	τῶν	DET	S-	Case=Gen|Definite=Def|Number=Plur|PronType=Dem	ὁ	det	11
5	10	δὲ	ADV	Df		δέ	discourse	12
5	11	νέων	ADJ	A-	Case=Gen|Degree=Pos|Gender=Masc|Number=Plur	νέος	nmod	12
5	12	ἄλλα	ADJ	Px	Case=Nom|Gender=Neut|Number=Plur	ἄλλος	nsubj	14
5	13	τε	CCONJ	C-		τε	cc	14
5	14	πολλὰ	ADJ	A-	Case=Nom|Degree=Pos|Gender=Neut|Number=Plur	πολύς	ROOT	14
5	15	καὶ	CCONJ	C-		καί	cc	14
5	16	ὅτι	SCONJ	G-		ὅτι	mark	20
5	17	τῷ	DET	S-	Case=Dat|Definite=Def|Gender=Masc|Number=Sing|PronType=Dem	τῷ	det	19
5	18	βαρβάρῳ	ADJ	A-	Case=Dat|Degree=Pos|Gender=Masc|Number=Sing	βαρβάρῳ	amod	19
5	19	ϲτρατῷ	PROPN	Ne	Case=Dat|Gender=Masc|Number=Sing	ϲτρατός	iobj	20
5	20	ὑποχωρήϲαντεϲ	PROPN	Ne	Case=Voc|Gender=Masc|Number=Sing	ὑποχωρήϲαντεϲ	conj	14
5	21	ἐκ	ADP	R-		ἐκ	case	22
5	22	τῆϲ	DET	S-	Case=Dat|Definite=Def|Gender=Fem|Number=Sing|PronType=Dem	τῆϲ	det	25
5	23	πατρίδοϲ	NOUN	Nb	Case=Voc|Gender=Masc|Number=Plur	πατρίδοϲ	appos	22
5	24	καὶ	CCONJ	C-		καί	cc	25
5	25	αὐτοὶ	ADJ	Pd	Case=Nom|Gender=Masc|Number=Plur	αὐτός	nsubj	20
5	26	καὶ	CCONJ	C-		καί	cc	25
5	27	τὰ	DET	S-	Case=Nom|Definite=Def|Gender=Neut|Number=Plur|PronType=Dem	ὁ	det	28
5	28	τέκνα	NOUN	Nb	Case=Nom|Gender=Neut|Number=Plur	τέκνον	conj	25
5	29	,	PUNCT	Z		,	advmod	34
5	30	ὁρμώμενοι	VERB	V-	Case=Nom|Gender=Masc|Number=Plur|Tense=Pres|VerbForm=Part|Voice=Mid	ὁρμώμενοι	advcl	34
5	31	ἐκ	ADP	R-		ἐκ	case	33
5	32	τῆϲ	DET	Ne	Case=Dat|Definite=Def|Gender=Fem|Number=Sing|PronType=Dem	τῆϲ	det	33
5	33	Σαλαμῖνοϲ	PROPN	Ne		Σαλαμῖνοϲ	obl	30
5	34	ἠλευθερώϲατε	VERB	V-	Aspect=Perf|Mood=Ind|Number=Plur|Person=2|Tense=Past|VerbForm=Fin|Voice=Act	ἠλευθερώϲατε	ROOT	34
5	35	πᾶϲαν	PROPN	Ne	Case=Acc|Gender=Masc|Number=Sing	πᾶϲαν	obj	34
5	36	τὴν	DET	S-	Case=Acc|Definite=Def|Gender=Fem|Number=Sing|PronType=Dem	ὁ	det	37
5	37	Ἑλλάδα	PROPN	Ne	Case=Acc|Gender=Fem|Number=Sing	Ἑλλάς	obj	34
5	38	καὶ	CCONJ	C-		καί	cc	34
5	39	τούτουϲ	DET	Pd	Case=Gen|Gender=Masc|Number=Sing	τούτουϲ	conj	35
5	40	,	PUNCT	Z		,	dep	34
5	41	οἳ	PRON	Pr	Case=Nom|Gender=Masc|Number=Plur|PronType=Rel	ὁ	nsubj	46
5	42	νῦν	ADV	Df		νῦν	advmod	46
5	43	ἐφ	ADP	R-		ἐφ	case	45
5	44	’	CCONJ	C-		’	discourse	46
5	45	ὑμᾶϲ	PROPN	Ne	Case=Voc|Gender=Masc|Number=Sing	ὑμᾶϲ	obl	46
5	46	ἔρχονται	VERB	V-	Mood=Ind|Number=Plur|Person=3|Tense=Pres|VerbForm=Fin|Voice=Mid	ἔρχομαι	acl	35
5	47	.	PUNCT	Z		.	punct	34
6	0	ὦ	INTJ	I-		ὦ	discourse	1
6	1	Ζεῦ	PROPN	Ne	Case=Voc|Gender=Masc|Number=Sing	Ζεῦ	vocative	5
6	2	τε	CCONJ	C-		τε	cc	1
6	3	καὶ	CCONJ	C-		καί	cc	1
6	4	θεοί	NOUN	Nb	Case=Nom|Gender=Masc|Number=Plur	θεός	conj	1
6	5	,	PUNCT	Z		,	ROOT	5
6	6	μεγάληϲ	ADJ	A-	Case=Nom|Degree=Pos|Gender=Fem|Number=Sing	μεγάληϲ	ROOT	6
6	7	ἀϲεβείαϲ	PROPN	Ne	Case=Nom|Gender=Neut|Number=Plur	ἀϲεβείαϲ	appos	6
6	8	·	PUNCT	Z		·	ROOT	8
6	9	ἐπὶ	ADP	R-		ἐπί	case	11
6	10	τοὺϲ	DET	Ne	Case=Gen|Definite=Def|Gender=Masc|Number=Sing|PronType=Dem	τοὺϲ	det	11
6	11	ἐλευθερώϲανταϲ	PROPN	Ne	Case=Voc|Gender=Masc|Number=Sing	ἐλευθερώϲανταϲ	obl	14
6	12	οἱ	DET	S-	Case=Nom|Definite=Def|Gender=Masc|Number=Plur|PronType=Dem	ὁ	det	13
6	13	ἐλευθερωθέντεϲ	VERB	V-	Aspect=Perf|Case=Nom|Gender=Masc|Number=Plur|Tense=Past|VerbForm=Part|Voice=Pass	ἐλευθερωθέντεϲ	nsubj	14
6	14	ἔρχονται	VERB	V-	Mood=Ind|Number=Plur|Person=3|Tense=Pres|VerbForm=Fin|Voice=Mid	ἔρχομαι	ROOT	14
6	15	,	PUNCT	Z		,	appos	13
6	16	δουλώϲοντεϲ	PROPN	Ne	Case=Voc|Gender=Masc|Number=Sing	δουλώϲοντεϲ	appos	15
6	17	μετὰ	ADP	R-		μετά	case	23
6	18	τῶν	DET	S-	Case=Gen|Definite=Def|Gender=Masc|Number=Plur|PronType=Dem	ὁ	det	23
6	19	τῇ	DET	S-	Case=Dat|Definite=Def|Gender=Fem|Number=Sing|PronType=Dem	ὁ	det	20
6	20	Ἑλλάδι	PROPN	Ne	Case=Dat|Gender=Fem|Number=Sing	Ἑλλάς	iobj	22
6	21	δουλείαν	NOUN	Nb	Case=Acc|Gender=Fem|Number=Sing	δουλεία	obj	22
6	22	φερόντων	VERB	V-	Case=Gen|Gender=Masc|Number=Plur|Tense=Pres|VerbForm=Part|Voice=Act	φέρω	acl	23
6	23	Ἑλλήνων	NOUN	Nb	Case=Gen|Gender=Masc|Number=Plur	Ἕλλην	obl	14
6	24	,	PUNCT	Z		,	cc	14
6	25	μετὰ	ADP	R-		μετά	case	28
6	26	τῶν	DET	S-	Case=Gen|Definite=Def|Gender=Masc|Number=Plur|PronType=Dem	ὁ	det	28
6	27	ὑμετέρων	ADJ	Ps	Case=Gen|Gender=Masc|Number=Plur|Person=2|Poss=Yes	ὑμέτερος	nmod	28
6	28	δούλων	NOUN	Nb	Case=Gen|Gender=Masc|Number=Plur	δοῦλος	conj	14
6	29	,	PUNCT	Z		,	punct	14
6	30	οὐδέν	ADJ	Px	Case=Acc|Gender=Neut|Number=Sing	οὐδείς	obj	34
6	31	γε	ADV	Df		γε	discourse	33
6	32	τῶν	DET	S-	Case=Gen|Definite=Def|Gender=Masc|Number=Plur|PronType=Dem	ὁ	det	33
6	33	αὐτῶν	DET	Pd	Case=Gen|Number=Plur	αὐτός	det	30
6	34	ποιοῦντεϲ	VERB	V-	Case=Nom|Gender=Masc|Number=Plur|Tense=Pres|VerbForm=Part|Voice=Act	ποιοῦντεϲ	advcl	14
6	35	τοῖϲ	PRON	Pp	Case=Dat|Gender=Masc|Number=Sing|Person=2|PronType=Prs	τοῖϲ	appos	13
6	36	ὑμετέροιϲ	ADJ	Ps	Case=Nom|Gender=Masc|Number=Plur|Person=2|Poss=Yes	ὑμετέροιϲ	nmod	37
6	37	προγόνοιϲ	NOUN	Ne	Case=Voc|Gender=Masc|Number=Plur	προγόνοιϲ	vocative	14
6	38	,	PUNCT	Z		,	appos	13
6	39	οἵ	PRON	Pr	Case=Nom|Gender=Masc|Number=Plur|PronType=Rel	ὅς	nsubj	43
6	40	ποτε	ADV	Df		ποτε	advmod	43
6	41	τῇ	DET	S-	Case=Dat|Definite=Def|Gender=Fem|Number=Sing|PronType=Dem	ὁ	det	42
6	42	Σπάρτῃ	PROPN	Ne	Case=Dat|Gender=Fem|Number=Sing	Σπάρτῃ	iobj	43
6	43	ἐπεβοήθηϲαν	VERB	V-	Aspect=Perf|Mood=Ind|Number=Plur|Person=3|Tense=Past|VerbForm=Fin|Voice=Act	ἐπεβοήθηϲαν	acl	38
6	44	ἐπανιϲταμένων	VERB	V-	Case=Gen|Gender=Masc|Number=Plur|Tense=Pres|VerbForm=Part|Voice=Mid	ἐπανιϲταμένω	advcl	43
6	45	τῶν	DET	S-	Case=Gen|Definite=Def|Gender=Masc|Number=Plur|PronType=Dem	ὁ	det	46
6	46	δούλων	NOUN	Nb	Case=Gen|Gender=Masc|Number=Plur	δοῦλος	nsubj	44
6	47	,	PUNCT	Z		,	appos	13
6	48	ὅτε	SCONJ	G-		ὅτε	mark	49
6	49	ἀφίκετο	VERB	V-	Aspect=Perf|Mood=Ind|Number=Sing|Person=3|Tense=Past|VerbForm=Fin|Voice=Mid	ἀφικνέομαι	advcl	14
6	50	ὁ	DET	S-	Case=Nom|Definite=Def|Gender=Masc|Number=Sing|PronType=Dem	ὁ	det	51
6	51	ἔχων	VERB	V-	Case=Nom|Gender=Masc|Number=Sing|Tense=Pres|VerbForm=Part|Voice=Act	ἔχω	nsubj	49
6	52	φοινικίδα	PROPN	Ne	Case=Acc|Gender=Fem|Number=Sing	φοινικίς	obj	51
6	53	καὶ	CCONJ	C-		καί	cc	49
6	54	ἐπεκάλει	VERB	V-	Aspect=Imp|Mood=Ind|Number=Sing|Person=3|Tense=Past|VerbForm=Fin|Voice=Act	πεκαλέω	conj	49
6	55	τοὺϲ	DET	S-	Case=Gen|Definite=Def|Gender=Masc|Number=Sing|PronType=Dem	τοὺϲ	det	56
6	56	προγόνουϲ	NOUN	Nb	Case=Gen|Gender=Masc|Number=Sing	προγόνουϲ	iobj	54
6	57	βοηθῆϲαι	VERB	V-	Tense=Pres|VerbForm=Inf|Voice=Act	βοηθῆϲαι	xcomp	54
6	58	καὶ	CCONJ	C-		καί	cc	57
6	59	μὴ	ADV	Df	Polarity=Neg	μή	advmod	60
6	60	περιιδεῖν	VERB	V-	Tense=Pres|VerbForm=Inf|Voice=Act	περιοράω	conj	57
6	61	ἐπιβουλευθεῖϲαν	PROPN	V-	Case=Acc|Gender=Masc|Number=Sing	ἐπιβουλευθεῖϲαν	xcomp	60
6	62	τὴν	DET	S-	Case=Acc|Definite=Def|Gender=Fem|Number=Sing|PronType=Dem	ὁ	det	63
6	63	Σπάρτην	PROPN	Ne	Case=Acc|Gender=Fem|Number=Sing	Σπάρτη	obj	60
6	64	.	PUNCT	Z		.	punct	14
7	0	ἀντὶ	ADP	R-		ἀντί	case	9
7	1	δὲ	ADV	Df		δέ	discourse	9
7	2	τῆϲ	DET	S-	Case=Dat|Definite=Def|Gender=Fem|Number=Sing|PronType=Dem	τῆϲ	det	3
7	3	εὐεργεϲίαϲ	PROPN	Ne	Case=Voc|Gender=Masc|Number=Sing	εὐεργεϲίαϲ	vocative	9
7	4	τῆϲδε	DET	Pd	Case=Dat|Definite=Def|Gender=Fem|Number=Sing|PronType=Dem	τῆϲδε	discourse	9
7	5	τήνδε	DET	Pd	Case=Acc|Gender=Fem|Number=Sing	ὅδε	det	8
7	6	ἡμῖν	PRON	Pp	Case=Dat|Gender=Masc|Number=Plur|Person=1|PronType=Prs	ἡμεῖς	iobj	9
7	7	τὴν	DET	S-	Case=Acc|Definite=Def|Gender=Fem|Number=Sing|PronType=Dem	ὁ	det	8
7	8	κακοεργαϲίαν	NOUN	Nb	Case=Acc|Gender=Fem|Number=Sing	κακοεργαϲία	obj	9
7	9	ἀποδιδόαϲι	VERB	V-	Mood=Ind|Number=Sing|Person=3|Tense=Pres|VerbForm=Fin|Voice=Act	ἀποδιδόαϲι	ROOT	9
7	10	·	PUNCT	Z		·	punct	9
7	11	καὶ	CCONJ	C-		καί	cc	14
7	12	νῦν	ADV	Df		νῦν	advmod	13
7	13	οὗτοι	ADJ	Pd	Case=Nom|Gender=Masc|Number=Plur	οὗτος	nsubj	11
7	14	,	PUNCT	Z		,	ROOT	14
7	15	τῆϲ	DET	S-	Case=Dat|Definite=Def|Gender=Fem|Number=Sing|PronType=Dem	τῆϲ	det	16
7	16	ὑμετέραϲ	ADJ	Ps	Case=Dat|Gender=Fem|Number=Sing|Person=3|Poss=Yes	ὑμετέραϲ	ROOT	16
7	17	ἕνεκα	ADP	R-		ἕνεκα	case	18
7	18	ἀρετῆϲ	NOUN	Nb	Case=Dat|Gender=Fem|Number=Sing	ἀρετῆϲ	appos	16
7	19	ὄντεϲ	INTJ	V-		ὄντεϲ	cop	20
7	20	οἵτινέϲ	ADJ	A-	Case=Voc|Degree=Pos|Gender=Masc|Number=Plur	οἵτινέϲ	appos	16
7	21	εἰϲι	PROPN	Ne	Case=Voc|Gender=Masc|Number=Sing	εἰϲι	iobj	20
7	22	,	PUNCT	Z		,	ROOT	22
7	23	δῃοῦϲί	PROPN	Ne	Case=Voc|Gender=Masc|Number=Sing	δῃοῦϲί	ROOT	23
7	24	τε	CCONJ	C-		τε	cc	23
7	25	τὴν	DET	S-	Case=Acc|Definite=Def|Gender=Fem|Number=Sing|PronType=Dem	ὁ	det	26
7	26	ὑμετέραν	ADJ	Ps	Case=Acc|Gender=Fem|Number=Sing|Person=2|Poss=Yes	ὑμέτερος	dep	23
7	27	καὶ	CCONJ	C-		καί	cc	26
7	28	ἐλευθεροῦϲι	PROPN	Ne	Case=Gen|Gender=Masc|Number=Sing	ἐλευθεροῦϲι	conj	26
7	29	τοὺϲ	DET	S-	Case=Gen|Definite=Def|Gender=Masc|Number=Sing|PronType=Dem	τοὺϲ	dep	23
7	30	ὑμετέρουϲ	PROPN	Ne	Case=Gen|Gender=Masc|Number=Sing	ὑμετέρουϲ	nmod	23
7	31	δούλουϲ	NOUN	Nb	Case=Gen|Gender=Masc|Number=Sing	δούλουϲ	appos	30
7	32	καὶ	CCONJ	C-		καί	cc	23
7	33	ἐπάγουϲιν	PROPN	Ne		ἐπάγουϲιν	conj	23
7	34	ἐφ	ADP	R-		ἐφ	case	35
7	35	’	CCONJ	C-		’	amod	36
7	36	ὑμᾶϲ	PROPN	Ne	Case=Voc|Gender=Masc|Number=Sing	ὑμᾶϲ	ROOT	36
7	37	παρανόμωϲ	ADJ	A-	Case=Dat|Degree=Pos|Gender=Masc|Number=Sing	παρανόμωϲ	amod	36
7	38	καὶ	CCONJ	C-		καί	cc	36
7	39	παραϲπόνδωϲ	PROPN	Ne	Case=Dat|Gender=Masc|Number=Sing	παραϲπόνδωϲ	conj	36
7	40	,	PUNCT	Z		,	appos	36
7	41	οἷϲ	PRON	Pr	Case=Nom|Gender=Masc|Number=Plur|PronType=Rel	οἷϲ	nsubj	45
7	42	οὐδὲ	ADV	Df	Polarity=Neg	οὐδέ	advmod	43
7	43	θέμιϲ	PROPN	Ne	Case=Nom|Gender=Neut|Number=Plur	θέμιϲ	nsubj	45
7	44	ἦν	AUX	V-	Aspect=Imp|Mood=Ind|Number=Sing|Person=3|Tense=Past|VerbForm=Fin|Voice=Act	εἰμί	cop	45
7	45	ἡγουμένων	VERB	V-	Case=Gen|Gender=Masc|Number=Plur|Tense=Pres|VerbForm=Part|Voice=Act	ἡγέομαι	acl	36
7	46	τῆϲ	DET	Ne	Case=Dat|Definite=Def|Gender=Fem|Number=Sing|PronType=Dem	τῆϲ	nsubj	45
7	47	Ἀθηναίων	ADJ	A-	Case=Gen|Degree=Pos|Gender=Masc|Number=Plur	Ἀθηναῖος	nsubj	48
7	48	ἐπιβῆναι	VERB	V-	Aspect=Perf|Tense=Past|VerbForm=Inf|Voice=Mid	ἐπιβαίνω	xcomp	45
7	49	ϲὺν	PROPN	Ne		ϲὺν	nsubj	48
7	50	πολεμίοιϲ	ADJ	A-	Case=Nom|Degree=Pos|Gender=Masc|Number=Plur	πολεμίοιϲ	appos	36
7	51	ὅπλοιϲ	NOUN	Nb	Case=Nom|Gender=Masc|Number=Plur	ὅπλοιϲ	appos	36
7	52	.	PUNCT	Z		.	punct	36
7	53	ἀλλὰ	CCONJ	C-		ἀλλά	cc	59
7	54	γὰρ	ADV	Df		γάρ	discourse	59
7	55	οὔτε	CCONJ	C-		οὔτε	cc	56
7	56	θεοὺϲ	NOUN	Nb	Case=Gen|Gender=Masc|Number=Sing	θεοὺϲ	obl	59
7	57	οὔτε	CCONJ	C-		οὔτε	cc	56
7	58	ἀνθρώπουϲ	NOUN	Nb	Case=Gen|Gender=Masc|Number=Sing	ἀνθρώπουϲ	conj	56
7	59	αἰδοῦνται	VERB	V-	Mood=Ind|Number=Plur|Person=3|Tense=Pres|VerbForm=Fin|Voice=Mid	αἰδέομαι	ROOT	59
7	60	·	PUNCT	Z		·	punct	59
7	61	οὐ	ADV	Df	Polarity=Neg	οὐ	advmod	65
7	62	γὰρ	ADV	Df		γάρ	discourse	65
7	63	ἂν	ADV	Df		ἄν	advmod	65
7	64	τάδε	ADJ	Pd	Case=Acc|Gender=Neut|Number=Plur	ὅδε	obj	65
7	65	ἐποίουν	VERB	V-	Aspect=Imp|Mood=Ind|Number=Plur|Person=3|Tense=Past|VerbForm=Fin|Voice=Act	ποιέω	ROOT	65
7	66	.	PUNCT	Z		.	punct	65
7	67	νῦν	ADV	Df		νῦν	advmod	77
7	68	δ’	ADV	Df		δ’	discourse	77
7	69	ὑμεῖϲ	PROPN	Ne	Case=Voc|Gender=Masc|Number=Sing	ὑμεῖϲ	vocative	77
7	70	,	PUNCT	Z		,	appos	69
7	71	ἐὰν	SCONJ	G-		ἐάν	mark	73
7	72	θεὸϲ	PROPN	Ne	Case=Nom|Gender=Masc|Number=Sing	θεὸϲ	nsubj	73
7	73	θέλῃ	VERB	V-	Mood=Sub|Number=Sing|Person=3|Tense=Pres|VerbForm=Fin|Voice=Act	ἐθέλω	advcl	74
7	74	,	PUNCT	Z		,	appos	69
7	75	δίκην	NOUN	Nb	Case=Acc|Gender=Fem|Number=Sing	δίκη	obj	77
7	76	αὐτοῖϲ	ADJ	Pd	Case=Nom|Gender=Masc|Number=Plur	αεὐτοῖϲ	nsubj	77
7	77	ἐπιθήϲετε	VERB	V-	Aspect=Perf|Mood=Sub|Number=Plur|Person=2|Tense=Past|VerbForm=Fin|Voice=Act	ἐπιθήϲω	ROOT	77
7	78	.	PUNCT	Z		.	punct	77
8	0	ἐνθυμήθητε	VERB	V-	Aspect=Perf|Mood=Imp|Number=Plur|Person=2|Tense=Past|VerbForm=Fin|Voice=Pass	ἐνθυμέομαι	ROOT	0
8	1	δὲ	ADV	Df		δέ	discourse	0
8	2	ὅτι	SCONJ	G-		ὅτι	mark	10
8	3	ὑμεῖϲ	PRON	Pp	Case=Dat|Gender=Masc|Number=Plur|Person=2|PronType=Prs	ὑμεῖϲ	obl	10
8	4	μὲν	ADV	Df		μέν	discourse	10
8	5	ἐκ	ADP	R-		ἐκ	case	7
8	6	τῆϲ	DET	S-	Case=Dat|Definite=Def|Gender=Fem|Number=Sing|PronType=Dem	τῆϲ	det	7
8	7	ὑμετέραϲ	PROPN	Ps	Case=Acc|Gender=Neut|Number=Plur	ὑμετέραϲ	obl	9
8	8	αὐτῶν	DET	Pd	Case=Gen|Gender=Masc|Number=Plur	αὐτός	det	7
8	9	ὁρμώμενοι	VERB	V-	Case=Nom|Gender=Masc|Number=Plur|Tense=Pres|VerbForm=Part|Voice=Mid	ὁρμάω	advcl	10
8	10	ἀγωνιεῖϲθε	VERB	V-	Mood=Ind|Number=Sing|Person=3|Tense=Pres|VerbForm=Fin|Voice=Act	ἀγωνιεῖϲθε	ccomp	0
8	11	,	PUNCT	Z		,	dep	0
8	12	ἀπὸ	ADP	R-		ἀπό	case	13
8	13	ἑϲτίαϲ	PROPN	Ne	Case=Voc|Gender=Masc|Number=Sing	ἑϲτίαϲ	obl	15
8	14	πατρῴαϲ	X	A-		πατρῴαϲ	appos	13
8	15	ἕκαϲτοϲ	VERB	V-	Aspect=Imp|Mood=Ind|Number=Plur|Person=1|Tense=Past|VerbForm=Fin|Voice=Pass	ἕκαϲτοϲ	parataxis	0
8	16	καὶ	CCONJ	C-		καί	cc	15
8	17	θεῶν	NOUN	Nb	Case=Gen|Gender=Masc|Number=Plur	θεός	nmod	21
8	18	τῶν	DET	S-	Case=Gen|Definite=Def|Gender=Masc|Number=Plur|PronType=Dem	ὁ	det	17
8	19	ἄλλων	ADJ	A-	Case=Gen|Degree=Pos|Gender=Masc|Number=Plur	ἄλλος	amod	17
8	20	κατὰ	ADP	R-		κατά	case	21
8	21	πόλιν	NOUN	Nb	Case=Acc|Gender=Fem|Number=Sing	πόλις	conj	13
8	22	,	PUNCT	Z		,	dep	0
8	23	οὐ	ADV	Df	Polarity=Neg	οὐ	advmod	25
8	24	τῶν	DET	S-	Case=Gen|Definite=Def|Gender=Masc|Number=Plur|PronType=Dem	ὁ	det	25
8	25	κτιϲάντων	NOUN	V-	Case=Gen|Gender=Masc|Number=Plur	κτιϲάντων	dep	27
8	26	φονέεϲ	NOUN	Nb	Case=Nom|Gender=Masc|Number=Plur	φονέεϲ	xcomp	27
8	27	γενόμενοι	VERB	V-	Aspect=Perf|Case=Nom|Gender=Masc|Number=Plur|Tense=Past|VerbForm=Part|Voice=Mid	γίγνομαι	advcl	22
8	28	,	PUNCT	Z		,	dep	0
8	29	ἀλλὰ	CCONJ	C-		ἀλλά	cc	28
8	30	τοκέων	NOUN	Nb	Case=Gen|Gender=Masc|Number=Plur	τοκεύς	iobj	31
8	31	τυχόντεϲ	VERB	V-	Mood=Ind|Number=Plur|Person=2|Tense=Pqp|VerbForm=Fin|Voice=Act	τυχόντεϲ	conj	28
8	32	,	PUNCT	Z		,	dep	0
8	33	τοῖϲ	PRON	Pp	Case=Dat|Gender=Masc|Number=Sing|Person=2|PronType=Prs	τοῖϲ	vocative	0
8	34	ὑμετέροιϲ	ADJ	Ps	Case=Nom|Gender=Masc|Number=Plur|Person=2|Poss=Yes	ὑμετέροιϲ	vocative	0
8	35	θεοῖϲ	NOUN	Ne	Case=Voc|Gender=Masc|Number=Plur	θεοῖϲ	appos	34
8	36	εὐξάμενοι	VERB	V-	Aspect=Perf|Case=Nom|Gender=Masc|Number=Plur|Tense=Past|VerbForm=Part|Voice=Mid	εὔχομαι	advcl	0
8	37	περὶ	ADP	R-		περί	case	39
8	38	τῶν	DET	S-	Case=Gen|Definite=Def|Gender=Neut|Number=Plur|PronType=Dem	ὁ	det	39
8	39	αὐτῶν	ADJ	Pd	Case=Gen|Gender=Masc|Number=Plur	αὐτός	obl	36
8	40	,	PUNCT	Z		,	dep	0
8	41	ὥϲτε	PROPN	Ne	Case=Voc|Gender=Masc|Number=Sing	ὥϲτε	vocative	0
8	42	καὶ	ADV	Df		καί	advmod	52
8	43	τὴν	DET	S-	Case=Acc|Definite=Def|Gender=Fem|Number=Sing|PronType=Dem	ὁ	det	44
8	44	δίκην	NOUN	Nb	Case=Acc|Gender=Fem|Number=Sing	δίκη	obj	52
8	45	τὴν	DET	S-	Case=Acc|Definite=Def|Gender=Fem|Number=Sing|PronType=Dem	ὁ	det	47
8	46	παρὰ	ADP	R-		παρά	case	47
8	47	θεῶν	NOUN	Nb	Case=Gen|Gender=Masc|Number=Plur	θεός	nmod	44
8	48	καὶ	CCONJ	C-		καί	cc	47
8	49	δαιμόνων	NOUN	Nb	Case=Gen|Gender=Masc|Number=Plur	δαίμων	conj	47
8	50	μεγάλην	ADJ	A-	Case=Acc|Degree=Pos|Gender=Fem|Number=Sing	μέγας	amod	51
8	51	ϲύμμαχον	NOUN	Nb	Case=Acc|Gender=Neut|Number=Sing	ϲύμμαχος	obj	52
8	52	ἔχειν	VERB	V-	Tense=Pres|VerbForm=Inf|Voice=Act	ἔχω	dep	0
8	53	.	PUNCT	Z		.	punct	0
9	0	μάχεϲθε	INTJ	V-		μάχεϲθε	ROOT	0
9	1	δὲ	ADV	Df		δέ	discourse	0
9	2	ἀνδράϲιν	NOUN	Nb	Case=Acc|Gender=Masc|Number=Sing	ἀνδράϲιν	dep	0
9	3	ὑβριϲταῖϲ	NOUN	Nb	Case=Voc|Gender=Masc|Number=Plur	ὑβριϲταῖϲ	vocative	0
9	4	καὶ	CCONJ	C-		καί	cc	3
9	5	ἀνοϲίοιϲ	ADJ	Ne	Case=Nom|Degree=Pos|Gender=Masc|Number=Plur	ἀνοϲίοιϲ	conj	3
9	6	,	PUNCT	Z		,	dep	0
9	7	οἳ	PRON	Pr	Case=Nom|Gender=Masc|Number=Plur|PronType=Rel	ὁ	nsubj	12
9	8	τὴν	DET	S-	Case=Acc|Definite=Def|Gender=Fem|Number=Sing|PronType=Dem	ὁ	det	10
9	9	μὲν	ADV	Df		μέν	discourse	12
9	10	ϲφετέραν	NOUN	Nb	Case=Acc|Gender=Fem|Number=Sing	ϲφετέραν	obj	12
9	11	αὐτῶν	PRON	Pp	Case=Gen|Gender=Masc|Number=Plur|Person=3|PronType=Prs	αὐτός	det	10
9	12	,	PUNCT	Z		,	dep	0
9	13	ἐν	ADP	R-		ἐν	case	14
9	14	ᾗ	PRON	Pr	Case=Dat|Gender=Fem|Number=Sing|PronType=Rel	ὅς	obl	15
9	15	ἐγένοντο	VERB	V-	Aspect=Perf|Mood=Ind|Number=Plur|Person=3|Tense=Past|VerbForm=Fin|Voice=Mid	γίγνομαι	acl	12
9	16	,	PUNCT	Z		,	dep	0
9	17	ἀπώλεϲαν	PROPN	Ne	Case=Acc|Gender=Masc|Number=Sing	ἀπώλεϲαν	conj	10
9	18	καὶ	CCONJ	C-		καί	cc	17
9	19	ἐξέλιπον	VERB	V-	Aspect=Perf|Mood=Ind|Number=Plur|Person=3|Tense=Past|VerbForm=Fin|Voice=Act	ἐκλείπω	conj	17
9	20	,	PUNCT	Z		,	dep	0
9	21	ἢ	CCONJ	C-		ἤ	cc	24
9	22	θεοῖϲ	NOUN	Nb	Case=Nom|Gender=Masc|Number=Plur	θεοῖϲ	nsubj	24
9	23	ἔχθραν	NOUN	Nb	Case=Acc|Gender=Fem|Number=Sing	ἔχθρα	obj	24
9	24	θέντεϲ	VERB	V-	Mood=Ind|Number=Plur|Person=2|Tense=Pres|VerbForm=Fin|Voice=Act	θέντεϲ	ROOT	24
9	25	ἢ	CCONJ	C-		ἤ	cc	26
9	26	κακοί	ADJ	A-	Case=Nom|Degree=Pos|Gender=Masc|Number=Plur	κακός	conj	24
9	27	τε	CCONJ	C-		τε	cc	26
9	28	καὶ	CCONJ	C-		καί	cc	26
9	29	ἀνάλκιδεϲ	ADJ	A-	Case=Nom|Degree=Pos|Gender=Masc|Number=Plur	ἀνάλκιδεϲ	conj	26
9	30	ὄντεϲ	AUX	V-	Case=Nom|Gender=Neut|Number=Plur|Tense=Pres|VerbForm=Part|Voice=Act	ὄντεϲ	cop	26
9	31	,	PUNCT	Z		,	ROOT	31
9	32	ἐπὶ	ADP	R-		ἐπί	case	35
9	33	δὲ	ADV	Df		δέ	discourse	36
9	34	τὴν	DET	S-	Case=Acc|Definite=Def|Gender=Fem|Number=Sing|PronType=Dem	ὁ	det	35
9	35	ὑμετέραν	ADJ	Ps	Case=Acc|Gender=Fem|Number=Sing|Person=2|Poss=Yes	ὑμέτερος	obl	36
9	36	ἔρχονται	VERB	V-	Mood=Ind|Number=Plur|Person=3|Tense=Pres|VerbForm=Fin|Voice=Mid	ἔρχομαι	ROOT	36
9	37	ἐξ	ADP	R-		ἐκ	case	38
9	38	ἀλλοτρίαϲ	ADJ	A-	Case=Acc|Degree=Pos|Gender=Neut|Number=Plur	ἀλλοτρίαϲ	obl	39
9	39	ὁρμώμενοι	VERB	V-	Case=Nom|Gender=Masc|Number=Plur|Tense=Pres|VerbForm=Part|Voice=Mid	ὁρμάω	advcl	36
9	40	οὔτε	CCONJ	C-		οὔτε	cc	42
9	41	ἀπὸ	ADP	R-		ἀπό	case	42
9	42	τῆϲ	DET	S-	Case=Dat|Definite=Def|Gender=Fem|Number=Sing|PronType=Dem	τῆϲ	dep	39
9	43	ϲφετέραϲ	NOUN	Ne	Case=Voc|Gender=Neut|Number=Plur	ϲφετέραϲ	vocative	36
9	44	ἑϲτίαϲ	PROPN	Ne	Case=Voc|Gender=Masc|Number=Sing	ἑϲτίαϲ	appos	36
9	45	ἕκαϲτοϲ	VERB	V-	Mood=Ind|Number=Sing|Person=3|Tense=Pqp|VerbForm=Fin|Voice=Mid	ἕκαϲτοϲ	appos	36
9	46	αὐτῶν	PRON	Pp	Case=Gen|Gender=Masc|Number=Plur|Person=3|PronType=Prs	αὐτός	dep	45
9	47	οὔτ	CCONJ	C-		οὔτ	cc	45
9	48	’	CCONJ	C-		’	cc	51
9	49	ἀπὸ	ADP	R-		ἀπό	case	51
9	50	τῶν	DET	S-	Case=Gen|Definite=Def|Gender=Masc|Number=Plur|PronType=Dem	ὁ	det	51
9	51	ἄλλων	ADJ	A-	Case=Gen|Degree=Pos|Gender=Masc|Number=Plur	ἄλλος	conj	45
9	52	οὔτ	CCONJ	C-		οὔτ	cc	51
9	53	’	CCONJ	C-		’	conj	51
9	54	ἀπὸ	ADP	R-		ἀπό	case	56
9	55	πατρῴων	ADJ	A-	Case=Gen|Degree=Pos|Gender=Masc|Number=Plur	πατρῷος	amod	56
9	56	θεῶν	NOUN	Nb	Case=Gen|Gender=Masc|Number=Plur	θεός	orphan	53
9	57	,	PUNCT	Z		,	punct	36
9	58	ἀπὸ	ADP	R-		ἀπό	case	59
9	59	Ἐριννύων	NOUN	Nb	Case=Gen|Gender=Masc|Number=Plur	ἐριννύω	obl	65
9	60	δὲ	ADV	Df		δέ	discourse	59
9	61	καὶ	CCONJ	C-		καί	dep	65
9	62	ἀπὸ	ADP	R-		ἀπό	case	63
9	63	ἀπάτηϲ	NOUN	Nb	Case=Dat|Gender=Fem|Number=Sing	ἀπάτηϲ	obl	65
9	64	δαιμόνων	NOUN	Nb	Case=Gen|Gender=Masc|Number=Plur	δαίμων	nmod	63
9	65	ἐλαυνόμενοι	VERB	V-	Case=Nom|Gender=Masc|Number=Plur|Tense=Pres|VerbForm=Part|Voice=Pass	ἐλαύνω	advcl	66
9	66	ἥκουϲι	PROPN	V-	Case=Dat|Gender=Masc|Number=Sing	ἥκουϲι	ROOT	66
9	67	δίκην	NOUN	Nb	Case=Acc|Gender=Fem|Number=Sing	δίκη	obj	68
9	68	δώϲοντεϲ	NOUN	V-	Case=Voc|Gender=Masc|Number=Plur	δώϲοντεϲ	xcomp	66
9	69	.	PUNCT	Z		.	ROOT	69
9	70	οὐ	ADV	Df	Polarity=Neg	οὐ	advmod	73
9	71	γὰρ	ADV	Df		γάρ	discourse	73
9	72	οὔτε	CCONJ	C-		οὔτε	cc	73
9	73	πλείουϲ	ADJ	A-	Case=Gen|Degree=Pos|Gender=Masc|Number=Sing	πλείουϲ	ROOT	73
9	74	ὑμῶν	PRON	Pp	Case=Gen|Gender=Masc|Number=Plur|Person=2|PronType=Prs	ὑμεῖς	nmod	73
9	75	εἰϲιν	SCONJ	Pr		εἰϲιν	dep	73
9	76	οὔτε	CCONJ	C-		οὔτε	cc	73
9	77	εὐοπλότεροι	ADJ	A-	Case=Nom|Degree=Pos|Gender=Masc|Number=Plur	εὐοπλός	conj	73
9	78	·	PUNCT	Z		·	punct	73
9	79	οὐδὲ	CCONJ	C-		οὐδέ	cc	83
9	80	ὑμῶν	PRON	Pp	Case=Gen|Gender=Masc|Number=Plur|Person=2|PronType=Prs	ὑμεῖς	iobj	83
9	81	δειλίαν	NOUN	Nb	Case=Acc|Gender=Fem|Number=Sing	δειλία	obj	82
9	82	καταγνόντεϲ	VERB	V-	Aspect=Perf|Case=Nom|Gender=Masc|Number=Plur|Tense=Past|VerbForm=Part|Voice=Act	καταγνόντεϲ	advcl	83
9	83	ἔρχονται	VERB	V-	Mood=Ind|Number=Plur|Person=3|Tense=Pres|VerbForm=Fin|Voice=Mid	ἔρχομαι	ROOT	83
9	84	οὕτω	ADV	Df		οὕτως	advmod	83
9	85	θραϲεῖϲ	VERB	V-	Mood=Ind|Number=Sing|Person=3|Tense=Pres|VerbForm=Fin|Voice=Act	θραϲεῖϲ	nsubj	83
9	86	διὰ	ADP	R-		διά	case	88
9	87	τῆϲ	DET	S-	Case=Dat|Definite=Def|Gender=Fem|Number=Sing|PronType=Dem	τῆϲ	det	88
9	88	ὑμετέραϲ	ADJ	Ps	Case=Acc|Gender=Neut|Number=Plur|Person=3|Poss=Yes	ὑμετέραϲ	obl	83
9	89	,	PUNCT	Z		,	dep	83
9	90	ἀλλὰ	CCONJ	C-		ἀλλά	cc	83
9	91	θεῶν	NOUN	Nb	Case=Gen|Gender=Masc|Number=Plur	θεός	nmod	92
9	92	τιϲ	PRON	Pi	Case=Acc|Gender=Neut|Number=Sing|PronType=Int	τιϲ	obj	93
9	93	ἄγει	VERB	V-	Mood=Ind|Number=Sing|Person=3|Tense=Pres|VerbForm=Fin|Voice=Act	ἄγω	conj	83
9	94	αὐτοὺϲ	DET	Pd	Case=Gen|Gender=Masc|Number=Sing	αὐτοὺϲ	det	92
9	95	δώϲονταϲ	VERB	V-	Case=Nom|Gender=Neut|Number=Plur|Tense=Pres|VerbForm=Part|Voice=Act	δώϲονταϲ	advcl	93
9	96	δίκαϲ	VERB	Nb	Mood=Ind|Number=Sing|Person=3|Tense=Pres|VerbForm=Fin|Voice=Act	δίκαϲ	advcl	93
9	97	μιαρῶν	ADJ	A-	Case=Gen|Degree=Pos|Number=Plur	μιαρέω	amod	101
9	98	τε	CCONJ	C-		τε	cc	97
9	99	καὶ	CCONJ	C-		καί	cc	97
9	100	ἀνοϲίων	ADJ	A-	Case=Gen|Degree=Pos|Number=Plur	ἄνοϲις	conj	97
9	101	ἔργων	NOUN	Nb	Case=Gen|Gender=Neut|Number=Plur	ἔργον	appos	92
9	102	.	PUNCT	Z		.	punct	83
10	0	παραϲτήτω	ADP	R-		παραϲτήτω	case	5
10	1	οὖν	ADV	Df		οὖν	discourse	0
10	2	ὑμῶν	PRON	Pp	Case=Gen|Gender=Masc|Number=Plur|Person=2|PronType=Prs	ὑμεῖς	det	0
10	3	ἑκάϲτῳ	INTJ	Ne		ἑκάϲτῳ	appos	0
10	4	τοῦτο	ADJ	Pd	Case=Nom|Gender=Neut|Number=Sing	οὗτος	det	0
10	5	,	PUNCT	Z		,	ROOT	5
10	6	ὡϲ	INTJ	I-		ὡϲ	vocative	10
10	7	τὸ	DET	S-	Case=Nom|Definite=Def|Gender=Neut|Number=Sing|PronType=Dem	ὁ	det	8
10	8	θαρρεῖν	VERB	V-	Tense=Pres|VerbForm=Inf|Voice=Act	θαρσέω	nsubj	10
10	9	πλεῖϲτον	ADJ	A-	Case=Nom|Degree=Pos|Gender=Neut|Number=Sing	πλεῖϲτος	nsubj	10
10	10	φέρεται	VERB	V-	Mood=Ind|Number=Sing|Person=3|Tense=Pres|VerbForm=Fin|Voice=Mid	φέρω	ROOT	10
10	11	εἰϲ	SCONJ	G-		εἰϲ	dep	10
10	12	τὸ	DET	S-	Case=Nom|Definite=Def|Gender=Neut|Number=Sing|PronType=Dem	ὁ	det	13
10	13	νικᾶν	VERB	V-	Tense=Pres|VerbForm=Inf|Voice=Act	νικάω	dep	10
10	14	·	PUNCT	Z		·	ROOT	14
10	15	ὡϲ	INTJ	I-		ὡϲ	discourse	20
10	16	οὖν	ADV	Df		οὖν	discourse	20
10	17	καὶ	CCONJ	C-		καί	cc	20
10	18	τῶν	DET	S-	Case=Gen|Definite=Def|Gender=Masc|Number=Plur|PronType=Dem	ὁ	det	19
10	19	θεῶν	NOUN	Nb	Case=Gen|Gender=Masc|Number=Plur	θεός	nmod	20
10	20	ϲυμμάχων	NOUN	Nb	Case=Gen|Gender=Neut|Number=Plur	ϲυμμάχω	ROOT	20
10	21	ὄντων	AUX	V-	Case=Gen|Gender=Masc|Number=Plur|Tense=Pres|VerbForm=Part|Voice=Act	εἰμί	cop	20
10	22	καὶ	CCONJ	C-		καί	cc	20
10	23	ὑπαρχόν	NOUN	Nb	Case=Nom|Gender=Neut|Number=Sing	ὑπαρχός	conj	20
10	24	των	DET	S-	Case=Gen|Definite=Def|Gender=Neut|Number=Plur|PronType=Dem	των	det	25
10	25	ὑμῖν	PRON	Pp	Case=Dat|Gender=Masc|Number=Plur|Person=2|PronType=Prs	ὑμεῖς	nmod	23
10	26	τούτων	DET	Pd	Case=Gen|Gender=Neut|Number=Plur	οὗτος	det	25
10	27	καὶ	CCONJ	C-		καί	cc	23
10	28	ἀμείνοϲιν	PROPN	Ne	Case=Gen|Gender=Masc|Number=Sing	ἀμείνοϲιν	dep	23
10	29	εἶναι	AUX	V-	Tense=Pres|VerbForm=Inf|Voice=Act	εἰμί	cop	28
10	30	καὶ	CCONJ	C-		καί	cc	20
10	31	εὐδοξοτέροιϲ	ADJ	A-	Case=Nom|Degree=Cmp|Gender=Masc|Number=Plur	εὐδοξοτέροιϲ	conj	20
10	32	,	PUNCT	Z		,	dep	20
10	33	βραχὺν	ADJ	A-	Case=Acc|Degree=Pos|Gender=Masc|Number=Sing	βραχύς	amod	34
10	34	χρόνον	NOUN	Nb	Case=Acc|Gender=Masc|Number=Sing	χρόνος	obl	35
10	35	ἀναϲχόμενοι	VERB	V-	Case=Nom|Gender=Masc|Number=Plur|Tense=Pres|VerbForm=Part|Voice=Mid	ἀναϲχόμενος	advcl	59
10	36	τὰ	DET	S-	Case=Acc|Definite=Def|Gender=Neut|Number=Plur|PronType=Dem	ὁ	det	37
10	37	ὅπλα	NOUN	Nb	Case=Acc|Gender=Neut|Number=Plur	ὅπλον	obj	35
10	38	τῶν	DET	S-	Case=Gen|Definite=Def|Gender=Masc|Number=Plur|PronType=Dem	ὁ	det	39
10	39	πολεμίων	ADJ	A-	Case=Gen|Degree=Pos|Gender=Masc|Number=Plur	πολέμιος	nmod	37
10	40	μακρὰν	ADV	Df		μακράν	advmod	35
10	41	δόξαν	NOUN	Nb	Case=Acc|Gender=Fem|Number=Sing	δόξα	obl	35
10	42	καταϲτήϲεϲθε	PROPN	Ne	Case=Voc|Gender=Masc|Number=Sing	καταϲτήϲεϲθε	vocative	35
10	43	ἀρετῆϲ	NOUN	Nb	Case=Dat|Gender=Fem|Number=Sing	ἀρετῆϲ	vocative	35
10	44	εἰϲ	SCONJ	G-		εἰϲ	dep	35
10	45	τὸν	DET	S-	Case=Acc|Definite=Def|Gender=Masc|Number=Sing|PronType=Dem	ὁ	det	47
10	46	ἅπαντα	ADJ	A-	Case=Acc|Degree=Pos|Gender=Masc|Number=Sing	ἅπας	amod	47
10	47	χρόνον	NOUN	Nb	Case=Acc|Gender=Masc|Number=Sing	χρόνος	obl	49
10	48	καὶ	CCONJ	C-		καί	dep	47
10	49	ἀναμνήϲετε	NOUN	Nb	Case=Voc|Gender=Masc|Number=Plur	ἀναμνήϲω	conj	35
10	50	πάνταϲ	DET	Px	Case=Acc|Gender=Neut|Number=Plur	πάνταϲ	det	49
10	51	τοὺϲ	DET	S-	Case=Gen|Definite=Def|Gender=Masc|Number=Sing|PronType=Dem	τοὺϲ	det	52
10	52	ἀνθρώπουϲ	NOUN	Nb	Case=Gen|Gender=Masc|Number=Sing	ἀνθρώπουϲ	nmod	49
10	53	,	PUNCT	Z		,	appos	34
10	54	ὅτι	SCONJ	G-		ὅτι	dep	35
10	55	ὑμεῖϲ	PRON	Pp	Case=Dat|Gender=Masc|Number=Plur|Person=2|PronType=Prs	ὑμεῖϲ	dep	35
10	56	ἐκείνων	DET	Pd	Case=Gen|Gender=Masc|Number=Plur	ἐκεῖνος	det	58
10	57	τῶν	DET	S-	Case=Gen|Definite=Def|Gender=Masc|Number=Plur|PronType=Dem	ὁ	det	58
10	58	ἀνδρῶν	NOUN	Nb	Case=Gen|Gender=Masc|Number=Plur	ἀνήρ	nmod	55
10	59	ἐϲτε	INTJ	V-		ἐϲτε	vocative	74
10	60	παῖδεϲ	NOUN	Nb	Case=Voc|Gender=Masc|Number=Plur	παῖδεϲ	vocative	59
10	61	,	PUNCT	Z		,	dep	59
10	62	οἵ	PRON	Pr	Case=Nom|Gender=Masc|Number=Plur|PronType=Rel	ὅς	nsubj	64
10	63	ποτε	ADV	Df		ποτε	advmod	64
10	64	ἀποβάνταϲ	VERB	V-	Aspect=Perf|Case=Acc|Gender=Neut|Number=Plur|Tense=Past|VerbForm=Part|Voice=Act	ἀποβάνταϲ	dep	61
10	65	τοὺϲ	DET	S-	Case=Gen|Definite=Def|Gender=Masc|Number=Sing|PronType=Dem	τοὺϲ	det	64
10	66	βαρβάρουϲ	ADJ	A-	Case=Gen|Degree=Pos|Gender=Masc|Number=Sing	βαρβάρουϲ	appos	64
10	67	τῆϲ	DET	S-	Case=Dat|Definite=Def|Gender=Fem|Number=Sing|PronType=Dem	τῆϲ	det	68
10	68	ὑμετέραϲ	NOUN	Ps	Case=Voc|Gender=Neut|Number=Plur	ὑμετέραϲ	nmod	59
10	69	εἰϲ	SCONJ	G-		εἰϲ	orphan	70
10	70	Μαραθῶνα	PROPN	Ne	Case=Nom|Gender=Neut|Number=Plur	Μαραθῶνα	nsubj	74
10	71	πολλὰϲ	ADJ	A-	Case=Nom|Degree=Pos|Gender=Neut|Number=Plur	πολλὰϲ	appos	70
10	72	μυριάδαϲ	ADJ	Nb	Case=Nom|Degree=Pos|Gender=Neut|Number=Plur	μυριάδαϲ	appos	70
10	73	ἀνθρώπων	NOUN	Nb	Case=Gen|Gender=Masc|Number=Plur	ἄνθρωπος	nmod	70
10	74	ἐξέβαλον	VERB	V-	Aspect=Perf|Mood=Ind|Number=Plur|Person=3|Tense=Past|VerbForm=Fin|Voice=Act	ἐκβάλλω	ROOT	74
10	75	ἐκ	ADP	R-		ἐκ	case	77
10	76	τῆϲ	DET	S-	Case=Dat|Definite=Def|Gender=Fem|Number=Sing|PronType=Dem	τῆϲ	det	77
10	77	γῆϲ	NOUN	Nb	Case=Dat|Gender=Fem|Number=Sing	γῆϲ	obl	74
10	78	,	PUNCT	Z		,	appos	70
10	79	τοὺϲ	DET	S-	Case=Gen|Definite=Def|Gender=Masc|Number=Sing|PronType=Dem	τοὺϲ	dep	74
10	80	δ’	ADV	Df		δ’	dep	74
10	81	ἀπέκτειναν	VERB	V-	Aspect=Perf|Mood=Ind|Number=Plur|Person=3|Tense=Past|VerbForm=Fin|Voice=Act	ἀποκτείνω	conj	74
10	82	,	PUNCT	Z		,	dep	74
10	83	οὐ	ADV	Df	Polarity=Neg	οὐ	advmod	84
10	84	περιιδόντεϲ	VERB	V-	Case=Nom|Gender=Masc|Number=Plur|Tense=Pres|VerbForm=Part|Voice=Act	περιιδόντεϲ	advcl	74
10	85	οὔτ	CCONJ	C-		οὔτ	cc	74
10	86	’	CCONJ	C-		’	dep	74
10	87	εἴ	SCONJ	G-		εἴς	mark	90
10	88	τιϲ	ADJ	Px	Case=Nom|Gender=Neut|Number=Sing	τιϲ	nsubj	90
10	89	αὐτοῖϲ	DET	Pd	Case=Nom|Gender=Masc|Number=Plur	αὐτοῖϲ	nsubj	90
10	90	ἔμελλεν	VERB	V-	Aspect=Imp|Mood=Ind|Number=Sing|Person=3|Tense=Past|VerbForm=Fin|Voice=Act	μέλλω	advcl	74
10	91	ἐκ	ADP	R-		ἐκ	case	94
10	92	τῆϲ	DET	S-	Case=Dat|Definite=Def|Gender=Fem|Number=Sing|PronType=Dem	τῆϲ	det	94
10	93	Πελοποννήϲου	PROPN	Nb	Case=Gen|Gender=Masc|Number=Sing	Πελοποννήϲου	nmod	94
10	94	βοήθεια	NOUN	Nb	Case=Dat|Gender=Fem|Number=Sing	βοήθεια	obl	95
10	95	ἥξειν	VERB	V-	Tense=Fut|VerbForm=Inf|Voice=Act	ἥκω	xcomp	90
10	96	οὔτ’εἰὀλίγοιπολλοῖϲμαχοῦνται	ADJ	A-	Case=Nom|Degree=Pos|Gender=Masc|Number=Plur	οὔτ’εἰὀλίγοιπολλοῖϲμαχοῦνται	conj	74
10	97	.	PUNCT	Z		.	punct	74
10	98	,	PUNCT	Z		,	ROOT	98
10	99	ἀλλὰ	CCONJ	C-		ἀλλά	cc	106
10	100	τῇ	DET	S-	Case=Dat|Definite=Def|Gender=Fem|Number=Sing|PronType=Dem	ὁ	det	103
10	101	ϲφετέρᾳ	ADJ	A-	Case=Dat|Degree=Pos|Number=Sing	ϲφέτερος	amod	103
10	102	αὐτῶν	PRON	Pp	Case=Gen|Gender=Masc|Number=Plur|Person=3|PronType=Prs	αὐτός	det	101
10	103	ἀρετῇ	NOUN	Nb	Case=Dat|Gender=Fem|Number=Sing	ἀρετή	obl	99
10	104	πιϲτεύϲαντεϲ	PROPN	Nb	Case=Voc|Gender=Masc|Number=Sing	πιϲτεύϲαντεϲ	appos	103
10	105	ϲυμβαλόντεϲ	ADJ	V-	Case=Voc|Degree=Pos|Gender=Masc|Number=Plur	ϲυμβαλόντεϲ	vocative	99
10	106	ἐνίκηϲαν	X	Ne		ἐνίκηϲαν	ROOT	106
10	107	·	PUNCT	Z	Case=Acc|Definite=Def|Gender=Masc|Number=Sing|PronType=Dem	·	discourse	106
11	0	τοῦτο	ADJ	Pd	Case=Acc|Gender=Neut|Number=Sing	οὗτος	obl	9
11	1	δὲ	ADV	Df		δέ	discourse	0
11	2	Πλαταιᾶϲι	PROPN	Ne	Case=Dat|Gender=Masc|Number=Sing	Πλαταιᾶϲι	vocative	9
11	3	μετὰ	ADP	R-		μετά	case	6
11	4	τῶν	DET	S-	Case=Gen|Definite=Def|Gender=Masc|Number=Plur|PronType=Dem	ὁ	det	6
11	5	ἄλλων	ADJ	A-	Case=Gen|Degree=Pos|Gender=Masc|Number=Plur	ἄλλος	amod	6
11	6	Ἑλλήνων	NOUN	Nb	Case=Gen|Gender=Masc|Number=Plur	Ἕλλην	obl	9
11	7	ταὐτὰ	ADJ	Pd	Case=Acc|Gender=Neut|Number=Plur	αὐτός	obj	8
11	8	φρονούντων	VERB	V-	Case=Gen|Gender=Masc|Number=Plur|Tense=Pres|VerbForm=Part|Voice=Act	φρονέω	acl	6
11	9	ἐνίκων	VERB	V-	Aspect=Imp|Mood=Ind|Number=Plur|Person=3|Tense=Past|VerbForm=Fin|Voice=Act	νικάω	ROOT	9
11	10	μαχόμενοι	VERB	V-	Case=Nom|Gender=Masc|Number=Plur|Tense=Pres|VerbForm=Part|Voice=Mid	μάχομαι	advcl	9
11	11	.	PUNCT	Z		.	punct	9
11	12	ἐνίκηϲαν	X	V-		ἐνίκηϲαν	ROOT	12
11	13	δὲ	ADV	Df		δέ	discourse	12
11	14	καὶ	ADV	Df		καί	advmod	16
11	15	ἐπ’	ADP	R-		ἐπ’	case	16
11	16	Ἀρτεμιϲίῳ	PROPN	Ne	Case=Dat|Gender=Masc|Number=Sing	Ἀρτεμιϲίῳ	obl	12
11	17	τῆϲ	DET	S-	Case=Dat|Definite=Def|Gender=Fem|Number=Sing|PronType=Dem	τῆϲ	det	18
11	18	Εὐβοίαϲ	PROPN	Ne	Case=Dat|Gender=Fem|Number=Sing	Εὐβοίαϲ	appos	16
11	19	ναυμαχοῦντεϲ	ADJ	V-	Case=Voc|Degree=Pos|Gender=Masc|Number=Sing	ναυμαχοῦντεϲ	vocative	12
11	20	καὶ	CCONJ	C-		καί	cc	19
11	21	πρὸ	ADP	R-		πρό	case	22
11	22	Σαλαμῖνοϲ	PROPN	Ne		Σαλαμῖνοϲ	conj	19
11	23	,	PUNCT	Z		,	dep	12
11	24	ὥϲτε	PROPN	I-	Case=Voc|Gender=Masc|Number=Sing	ὥϲτε	discourse	31
11	25	εἰϲ	SCONJ	G-		εἰϲ	mark	31
11	26	τόδε	ADJ	Pd	Case=Nom|Gender=Neut|Number=Sing	ὅδε	det	25
11	27	ἡμέραϲ	NOUN	Nb	Case=Nom|Gender=Fem|Number=Sing	ἡμέραϲ	appos	25
11	28	ϲωτῆρεϲ	PROPN	Ne	Case=Voc|Gender=Masc|Number=Sing	ϲωτῆρεϲ	vocative	31
11	29	τῆϲ	ADV	Ne		τῆϲ	discourse	31
11	30	Ἑλλάδοϲ	PROPN	Ne	Case=Voc|Gender=Masc|Number=Sing	Ἑλλάδοϲ	vocative	31
11	31	ὀνομάζεϲθαι	VERB	V-	Mood=Imp|Number=Sing|Person=2|Tense=Pres|VerbForm=Fin|Voice=Act	ὀνομάζεϲθαι	dep	12
11	32	.	PUNCT	Z		.	punct	12
12	0	πολλοὺϲ	ADJ	A-	Case=Gen|Degree=Pos|Gender=Neut|Number=Sing	πολλοὺϲ	vocative	7
12	1	δὲ	ADV	Df		δέ	discourse	0
12	2	καὶ	ADV	Df		καί	advmod	3
12	3	ἄλλουϲ	ADJ	A-	Case=Gen|Degree=Pos|Gender=Neut|Number=Sing	ἄλλουϲ	dep	4
12	4	ἀγῶναϲ	NOUN	Nb	Case=Acc|Gender=Masc|Number=Sing	ἀγῶναϲ	appos	0
12	5	καὶ	CCONJ	C-		καί	cc	7
12	6	καλοὺϲ	ADJ	A-	Case=Gen|Degree=Pos|Gender=Neut|Number=Sing	καλοὺϲ	dep	7
12	7	ἠγωνίϲαντο	VERB	V-	Aspect=Perf|Mood=Ind|Number=Plur|Person=3|Tense=Past|VerbForm=Fin|Voice=Mid	ἀγωνίϲαμαι	ROOT	7
12	8	οἱ	DET	S-	Case=Nom|Definite=Def|Gender=Masc|Number=Plur|PronType=Dem	ὁ	det	9
12	9	ὑμέτεροι	ADJ	Ps	Case=Nom|Gender=Masc|Number=Plur|Person=2|Poss=Yes	ὑμέτερος	nmod	10
12	10	πατέρεϲ	NOUN	Nb	Case=Voc|Gender=Masc|Number=Sing	πατέρεϲ	vocative	7
12	11	,	PUNCT	Z		,	appos	7
12	12	ὧν	PRON	Pr	Case=Gen|Gender=Masc|Number=Plur|PronType=Rel	ὅς	det	14
12	13	τῆϲ	DET	S-	Case=Dat|Definite=Def|Gender=Fem|Number=Sing|PronType=Dem	τῆϲ	det	14
12	14	νίκηϲ	NOUN	Nb	Case=Nom|Gender=Fem|Number=Sing	νίκηϲ	nmod	11
12	15	τῶν	DET	S-	Case=Gen|Definite=Def|Gender=Masc|Number=Plur|PronType=Dem	ὁ	det	16
12	16	ἄθλων	NOUN	Nb	Case=Gen|Gender=Neut|Number=Plur	ἆθλον	nmod	17
12	17	ὅροι	NOUN	Nb	Case=Nom|Gender=Masc|Number=Plur	ὅρος	xcomp	18
12	18	πεπήγαϲιν	VERB	V-	Aspect=Perf|Mood=Ind|Number=Sing|Person=1|Tense=Past|VerbForm=Fin|Voice=Act	πεπήγαϲιν	parataxis	7
12	19	πολλῶν	ADJ	A-	Case=Gen|Degree=Pos|Number=Plur	πολύς	amod	20
12	20	ἡμερῶν	NOUN	Nb	Case=Gen|Gender=Fem|Number=Plur	ἡμέρα	nmod	21
12	21	πλοῦν	NOUN	Nb	Case=Acc|Gender=Masc|Number=Sing	πλόος	obj	18
12	22	ἀπὸ	ADP	R-		ἀπό	case	25
12	23	τῆϲ	DET	S-	Case=Dat|Definite=Def|Gender=Fem|Number=Sing|PronType=Dem	τῆϲ	det	25
12	24	ὑμετέραϲ	ADJ	Ps	Case=Dat|Gender=Fem|Number=Sing|Person=2|Poss=Yes	ὑμετέραϲ	nmod	25
12	25	πόλειϲ	NOUN	Nb	Case=Dat|Gender=Fem|Number=Sing	πόλειϲ	obl	7
12	26	μεγάλαι	ADJ	A-	Case=Nom|Degree=Pos|Gender=Fem|Number=Plur	μέγας	amod	25
12	27	,	PUNCT	Z		,	parataxis	7
12	28	ὑπακούουϲαι	VERB	V-	Mood=Imp|Number=Sing|Person=2|Tense=Pres|VerbForm=Fin|Voice=Pass	ὑπακούουϲαι	ROOT	28
12	29	τοῦ	DET	S-	Case=Gen|Definite=Def|Gender=Masc|Number=Sing|PronType=Dem	ὁ	det	31
12	30	ὑμετέρου	ADJ	Ps	Case=Gen|Gender=Masc,Neut|Number=Sing|Person=1|Poss=Yes	ὑμέτερος	nmod	31
12	31	κήρυκοϲ	NOUN	Nb	Case=Gen|Gender=Masc|Number=Sing	κήρυκοϲ	iobj	28
12	32	.	PUNCT	Z		.	ROOT	32
13	0	Εὐξάμενοι	VERB	V-	Aspect=Perf|Case=Nom|Gender=Masc|Number=Plur|Tense=Past|VerbForm=Part|Voice=Mid	Εὐξάμενος	advcl	6
13	1	οὖν	ADV	Df		οὖν	discourse	0
13	2	τοῖϲ	PRON	Pp	Case=Dat|Gender=Masc|Number=Sing|Person=2|PronType=Prs	τοῖϲ	iobj	0
13	3	θεοῖϲ	NOUN	Nb	Case=Voc|Gender=Masc|Number=Plur	θεοῖϲ	appos	2
13	4	τοῖϲ	PRON	Pp	Case=Dat|Gender=Masc|Number=Sing|Person=2|PronType=Prs	τοῖϲ	vocative	0
13	5	Ὀλυμπίοιϲ	ADJ	A-	Case=Voc|Degree=Pos|Gender=Masc|Number=Plur	Ὀλυμπίοιϲ	amod	4
13	6	,	PUNCT	Z		,	ROOT	6
13	7	οἳ	PRON	Pr	Case=Nom|Gender=Masc|Number=Plur|PronType=Rel	ὁ	nsubj	13
13	8	ὑμῖν	PRON	Pp	Case=Dat|Gender=Masc|Number=Plur|Person=2|PronType=Prs	ὑμεῖς	iobj	13
13	9	κατὰ	ADP	R-		κατά	case	11
13	10	τὸ	DET	S-	Case=Acc|Definite=Def|Gender=Neut|Number=Sing|PronType=Dem	ὁ	det	11
13	11	εἰκὸϲ	ADJ	A-	Case=Acc|Degree=Pos|Gender=Neut|Number=Sing	εἰκὸϲ	obl	13
13	12	πλέον	ADJ	A-	Case=Acc|Degree=Cmp|Gender=Neut|Number=Sing	πολύς	obj	13
13	13	νεμοῦϲιν	VERB	V-	Mood=Imp|Number=Sing|Person=2|Tense=Pres|VerbForm=Fin|Voice=Act	νεμοῦϲιν	parataxis	6
13	14	ἢ	ADV	Df		ἤ	dep	13
13	15	τοῖϲ	PRON	Pp	Case=Dat|Gender=Masc|Number=Sing|Person=2|PronType=Prs	τοῖϲ	orphan	16
13	16	πολεμίοιϲ	ADJ	A-	Case=Voc|Degree=Pos|Gender=Masc|Number=Plur	πολεμίοιϲ	nsubj	14
13	17	,	PUNCT	Z		,	dep	6
13	18	†	CCONJ	C-		†	det	19
13	19	εὐχῇ	NOUN	Nb	Case=Nom|Gender=Fem|Number=Sing	εὐχή	ROOT	19
13	20	ϲυμβαλλομένῃ	VERB	V-	Case=Nom|Gender=Fem|Number=Sing|Tense=Pres|VerbForm=Part|Voice=Pass	ϲυμβαλλομένῃ	acl	19
13	21	τοῖϲ	PRON	Pp	Case=Dat|Gender=Masc|Number=Sing|Person=2|PronType=Prs	τοῖϲ	iobj	20
13	22	ἀνδράϲι	PROPN	Ne	Case=Dat|Gender=Masc|Number=Sing	ἀνδράϲι	iobj	20
13	23	.	PUNCT	Z		.	ROOT	23
13	24	θαρρεῖτε	VERB	V-	Mood=Imp|Number=Plur|Person=2|Tense=Pres|VerbForm=Fin|Voice=Act	θαρσέω	ROOT	24
13	25	δὲ	ADV	Df		δέ	discourse	24
13	26	καὶ	CCONJ	C-		καὶ	cc	24
13	27	ἴϲα	PROPN	Ne	Case=Acc|Gender=Neut|Number=Plur	ἴϲα	vocative	24
13	28	νεμόντων	VERB	V-	Case=Gen|Gender=Masc|Number=Plur|Tense=Pres|VerbForm=Part|Voice=Act	νέμω	advcl	24
13	29	τῶν	DET	S-	Case=Gen|Definite=Def|Gender=Masc|Number=Plur|PronType=Dem	ὁ	det	30
13	30	θεῶν	NOUN	Nb	Case=Gen|Gender=Masc|Number=Plur	θεός	nsubj	28
13	31	ὡϲ	INTJ	I-		ὡϲ	discourse	33
13	32	εὖ	ADV	Df		εὖ	advmod	33
13	33	ἀγωνιεῖϲθε	PROPN	V-	Case=Voc|Gender=Masc|Number=Sing	ἀγωνιεῖϲθε	vocative	24
13	34	·	PUNCT	Z		·	punct	24
13	35	τὰ	DET	S-	Case=Nom|Definite=Def|Gender=Neut|Number=Plur|PronType=Dem	ὁ	det	37
13	36	ἱερὰ	ADJ	A-	Case=Nom|Degree=Pos|Gender=Neut|Number=Plur	ἱερός	amod	37
13	37	καλὰ	ADJ	A-	Case=Nom|Degree=Pos|Gender=Neut|Number=Plur	καλός	nsubj	44
13	38	καὶ	CCONJ	C-		καί	cc	37
13	39	τὸ	DET	S-	Case=Nom|Definite=Def|Gender=Neut|Number=Sing|PronType=Dem	ὁ	det	40
13	40	δίκαιον	ADJ	A-	Case=Nom|Degree=Pos|Gender=Neut|Number=Sing	δίκαιος	conj	37
13	41	ὑμῖν	PRON	Pp	Case=Dat|Gender=Masc|Number=Plur|Person=2|PronType=Prs	ὑμεῖς	iobj	44
13	42	μὲν	ADV	Df		μέν	discourse	44
13	43	θαρρεῖν	VERB	V-	Tense=Pres|VerbForm=Inf|Voice=Act	θαρσέω	xcomp	44
13	44	παρέξει	VERB	V-	Mood=Ind|Number=Sing|Person=3|Tense=Fut|VerbForm=Fin|Voice=Act	παρέχω	ROOT	44
13	45	,	PUNCT	Z		,	dep	44
13	46	ἐκείνοιϲ	ADJ	Pd	Case=Nom|Gender=Masc|Number=Plur	ἐκείνοιϲ	nsubj	48
13	47	δὲ	ADV	Df		δέ	discourse	48
13	48	δεδιέναι	VERB	V-	Tense=Pres|VerbForm=Inf|Voice=Mid	δείδω	ROOT	48
13	49	.	PUNCT	Z		.	ROOT	49
13	50	ἃ	DET	S-	Case=Nom|Definite=Def|Gender=Neut|Number=Plur|PronType=Dem	ὅς	det	52
13	51	δὲ	ADV	Df		δέ	discourse	55
13	52	μάλιϲτα	PROPN	Ne	Case=Nom|Gender=Neut|Number=Plur	μάλιϲτα	nsubj	55
13	53	ἄνδραϲ	NOUN	Nb	Case=Acc|Gender=Masc|Number=Sing	ἄνδραϲ	obj	55
13	54	τελέουϲ	ADJ	A-	Case=Gen|Degree=Pos|Gender=Neut|Number=Sing	τελέουϲ	amod	53
13	55	παροξύνει	VERB	V-	Mood=Ind|Number=Sing|Person=3|Tense=Pres|VerbForm=Fin|Voice=Act	παροξύνω	ROOT	55
13	56	,	PUNCT	Z		,	punct	55
13	57	ὑμῶν	PRON	Pp	Case=Gen|Gender=Masc|Number=Plur|Person=2|PronType=Prs	ὑμεῖς	iobj	59
13	58	αὐτῶν	DET	Pd	Case=Gen|Number=Plur	αὐτός	det	57
13	59	ἀκούϲατε	VERB	V-	Mood=Imp|Number=Plur|Person=2|Tense=Pres|VerbForm=Fin|Voice=Act	ἀκούϲατε	ROOT	59
13	60	,	PUNCT	Z		,	punct	59
13	61	πόλεώϲ	NOUN	Nb	Case=Dat|Gender=Masc|Number=Sing	πόλεώϲ	ROOT	61
13	62	τε	CCONJ	C-		τε	cc	61
13	63	μέγεθοϲ	NOUN	Nb	Case=Voc|Gender=Masc|Number=Sing	μέγεθοϲ	dep	61
13	64	καὶ	CCONJ	C-		καί	cc	61
13	65	εὐδαιμονίαν	NOUN	Nb	Case=Acc|Gender=Fem|Number=Sing	εὐδαιμονία	conj	61
13	66	καὶ	CCONJ	C-		καί	cc	65
13	67	δόξαν	NOUN	Nb	Case=Acc|Gender=Fem|Number=Sing	δόξα	conj	65
13	68	,	PUNCT	Z		,	dep	61
13	69	ἣν	PRON	Pr	Case=Acc|Gender=Fem|Number=Sing|PronType=Rel	ὅς	obj	70
13	70	ἕκαϲτοϲ	VERB	V-	Aspect=Imp|Mood=Ind|Number=Plur|Person=3|Tense=Past|VerbForm=Fin|Voice=Mid	ἕκαϲτοϲ	acl	68
13	71	παρ’	ADP	R-		παρ’	obj	73
13	72	ἑαυτῷ	PRON	Pk	Case=Dat|Gender=Masc|Number=Sing|Person=3|PronType=Prs|Reflex=Yes	ἑαυτοῦ	obl	73
13	73	ἔχει	VERB	V-	Mood=Ind|Number=Sing|Person=3|Tense=Pres|VerbForm=Fin|Voice=Act	ἔχω	conj	61
13	74	ἅ	PRON	Pr	Case=Nom|Gender=Neut|Number=Plur|PronType=Rel	ὅς	dep	73
13	75	τε	CCONJ	C-		τε	cc	76
13	76	νέοιϲ	ADJ	A-	Case=Nom|Degree=Pos|Gender=Masc|Number=Plur	νέοιϲ	dep	73
13	77	ἀνδράϲιν	NOUN	Nb	Case=Acc|Gender=Masc|Number=Sing	ἀνδράϲιν	appos	76
13	78	ἡλικίαϲ	NOUN	Nb	Case=Nom|Gender=Fem|Number=Sing	ἡλικίαϲ	nsubj	80
13	79	δὲ	ADV	Df		δέ	discourse	80
13	80	ἀθύρματα	NOUN	Nb	Case=Nom|Gender=Neut|Number=Plur	ἄθυρμα	conj	73
13	81	,	PUNCT	Z		,	ROOT	81
13	82	παῖδεϲ	NOUN	Ne	Case=Voc|Gender=Masc|Number=Plur	παῖδεϲ	vocative	81
13	83	καλοὶ	ADJ	A-	Case=Nom|Degree=Pos|Gender=Masc|Number=Plur	καλός	amod	82
13	84	καὶ	CCONJ	C-		καί	cc	83
13	85	γυναῖκεϲ	ADJ	A-	Case=Voc|Degree=Pos|Gender=Masc|Number=Plur	γυναῖκεϲ	conj	83
13	86	καί	CCONJ	C-		καί	cc	83
13	87	γυμνάϲια	PROPN	Ne	Case=Nom|Gender=Neut|Number=Plur	γυμνάϲια	conj	83
13	88	καὶ	CCONJ	C-		καί	cc	83
13	89	κυνηγέϲια	PROPN	Ne	Case=Nom|Gender=Neut|Number=Plur	κυνηγέϲια	conj	83
13	90	.	PUNCT	Z		.	ROOT	90
13	91	ὧν	ADV	Df		ὅς	discourse	101
13	92	ὑμεῖϲ	PROPN	Pp	Case=Dat|Gender=Masc|Number=Sing	ὑμεῖϲ	iobj	101
13	93	ὑπὸ	ADP	R-		ὑπό	case	96
13	94	τῇ	DET	S-	Case=Dat|Definite=Def|Gender=Fem|Number=Sing|PronType=Dem	ὁ	det	96
13	95	μεγάλῃ	ADJ	A-	Case=Dat|Degree=Pos|Gender=Fem|Number=Sing	μέγας	amod	96
13	96	ἐλευθερίᾳ	NOUN	Nb	Case=Dat|Gender=Fem|Number=Sing	ἐλευθερία	obl	97
13	97	πλεῖϲτά	PROPN	Ne	Case=Nom|Gender=Neut|Number=Plur	πλεῖϲτον	parataxis	101
13	98	τε	CCONJ	C-		τε	cc	97
13	99	καὶ	CCONJ	C-		καί	cc	97
13	100	κάλλιϲτα	NOUN	Ne	Case=Nom|Gender=Neut|Number=Plur	κάλλιϲτα	conj	97
13	101	ἀπολαύετε	VERB	V-	Mood=Imp|Number=Plur|Person=2|Tense=Pres|VerbForm=Fin|Voice=Act	ἀπολαύω	ROOT	101
13	102	,	PUNCT	Z		,	advcl	101
13	103	περὶ	ADP	R-		περί	case	104
13	104	ὧν	PRON	Pr	Case=Gen|Gender=Neut|Number=Plur|PronType=Rel	ὅς	obl	105
13	105	μαχεῖϲθε	VERB	V-	Mood=Ind|Number=Plur|Person=2|Tense=Pres|VerbForm=Fin|Voice=Mid	μαχεῖϲθε	ROOT	105
13	106	νυνὶ	ADV	Df		νυνί	advmod	109
13	107	ὑμετέρων	ADJ	Ps	Case=Gen|Gender=Neut|Number=Plur|Person=3|Poss=Yes	ὑμέτερος	nsubj	109
13	108	ὄντων	AUX	V-	Case=Gen|Gender=Masc|Number=Plur|Tense=Pres|VerbForm=Part|Voice=Act	εἰμί	cop	109
13	109	περιττῶν	ADJ	A-	Case=Gen|Degree=Pos|Gender=Neut|Number=Plur	περισσός	amod	110
13	110	ἀνδράϲιν	PROPN	Ne	Case=Acc|Gender=Masc|Number=Sing	ἀνδράϲιν	obl	105
13	111	,	PUNCT	Z		,	ROOT	111
13	112	οἷϲ	PRON	Pr	Case=Nom|Gender=Masc|Number=Plur|PronType=Rel	οἷϲ	nsubj	114
13	113	ταῦτα	ADJ	Pd	Case=Nom|Gender=Neut|Number=Plur	οὗτος	nsubj	114
13	114	ϲπάνια	PROPN	Ne	Case=Nom|Gender=Neut|Number=Plur	ϲπάνιος	appos	111
13	115	.	PUNCT	Z		.	ROOT	115
14	0	παρακελευϲάμενοι	VERB	V-	Aspect=Perf|Case=Nom|Gender=Masc|Number=Plur|Tense=Past|VerbForm=Part|Voice=Mid	παρακελευϲάμενοι	acl	4
14	1	οὖν	ADV	Df		οὖν	discourse	0
14	2	ὑμῖν	PRON	Pp	Case=Dat|Gender=Masc|Number=Plur|Person=2|PronType=Prs	ὑμεῖς	iobj	0
14	3	αὐτοῖϲ	DET	Pd	Case=Nom|Gender=Masc|Number=Plur	αὐτοῖϲ	nsubj	0
14	4	ἀνὴρ	NOUN	Nb	Case=Nom|Gender=Masc|Number=Sing	ἀνήρ	vocative	12
14	5	ἀνδρὶ	NOUN	Nb	Case=Dat|Gender=Masc|Number=Sing	ἀνήρ	nmod	4
14	6	καὶ	CCONJ	C-		καί	cc	5
14	7	δημότηϲ	NOUN	Nb	Case=Dat|Gender=Masc|Number=Sing	δημότηϲ	conj	5
14	8	δημότῃ	NOUN	Nb	Case=Dat|Gender=Masc|Number=Sing	δημότης	conj	5
14	9	καὶ	CCONJ	C-		καί	cc	5
14	10	φυλέτηϲ	NOUN	Nb	Case=Dat|Gender=Masc|Number=Sing	φυλέτηϲ	conj	5
14	11	φυλέτῃ	NOUN	Nb	Case=Dat|Gender=Masc|Number=Sing	φυλέτης	appos	4
14	12	ἴτε	VERB	V-	Mood=Imp|Number=Plur|Person=2|Tense=Pres|VerbForm=Fin|Voice=Act	εἶμι	ROOT	12
14	13	τύχῃ	NOUN	Nb	Case=Dat|Gender=Fem|Number=Sing	τύχη	obl	12
14	14	ἀγαθῇ	ADJ	A-	Case=Dat|Degree=Pos|Gender=Fem|Number=Sing	ἀγαθός	amod	13
14	15	,	PUNCT	Z		,	dep	12
14	16	ἐπειδὰν	SCONJ	G-		ἐπειδάν	mark	17
14	17	ἡγῆταί	VERB	V-	Aspect=Perf|Mood=Sub|Number=Sing|Person=3|Tense=Past|VerbForm=Fin|Voice=Mid	ἡγῆμαι	advcl	15
14	18	τιϲ	ADJ	Px	Case=Acc|Gender=Neut|Number=Sing	τιϲ	obj	17
14	19	ἐπὶ	ADP	R-		ἐπί	case	21
14	20	τοὺϲ	DET	S-	Case=Gen|Definite=Def|Gender=Masc|Number=Sing|PronType=Dem	τοὺϲ	det	21
14	21	πολεμίουϲ	ADJ	Ne	Case=Gen|Degree=Pos|Gender=Masc|Number=Sing	πολεμίουϲ	obl	17
14	22	.	PUNCT	Z		.	punct	12
